trial_id,integration,domain_key,domain_config,task,condition,seed,granularity,ablation_key,ablation_val,base_config,n_episodes_override,data_path,results_path,run_name
1,finetune,Lunar,configs/domains/lunar.yaml,Passive,Baseline-PER,1,binary,mlp.model_noise,0.0,configs/base.yaml,,/cluster/home/jsanta07/fNIRS2RL/Experiment/ParticipantData,/cluster/home/jsanta07/OfflineNeuroloop,Lunar__Passive__Baseline-PER__finetune__binary__seed1__noise0.0__beta1.0__ft0.0
2,finetune,Lunar,configs/domains/lunar.yaml,Active,Baseline-PER,1,binary,mlp.model_noise,0.0,configs/base.yaml,,/cluster/home/jsanta07/fNIRS2RL/Experiment/ParticipantData,/cluster/home/jsanta07/OfflineNeuroloop,Lunar__Active__Baseline-PER__finetune__binary__seed1__noise0.0__beta1.0__ft0.0
3,finetune,Lunar,configs/domains/lunar.yaml,Passive,Prioritization-PER,1,binary,mlp.model_noise,0.0,configs/base.yaml,,/cluster/home/jsanta07/fNIRS2RL/Experiment/ParticipantData,/cluster/home/jsanta07/OfflineNeuroloop,Lunar__Passive__Prioritization-PER__finetune__binary__seed1__noise0.0__beta1.0__ft0.0
4,finetune,Lunar,configs/domains/lunar.yaml,Passive,Prioritization-PER,1,binary,mlp.model_noise,0.5,configs/base.yaml,,/cluster/home/jsanta07/fNIRS2RL/Experiment/ParticipantData,/cluster/home/jsanta07/OfflineNeuroloop,Lunar__Passive__Prioritization-PER__finetune__binary__seed1__noise0.5__beta1.0__ft0.0
5,finetune,Lunar,configs/domains/lunar.yaml,Passive,Prioritization-PER,1,binary,mlp.model_noise,1.0,configs/base.yaml,,/cluster/home/jsanta07/fNIRS2RL/Experiment/ParticipantData,/cluster/home/jsanta07/OfflineNeuroloop,Lunar__Passive__Prioritization-PER__finetune__binary__seed1__noise1.0__beta1.0__ft0.0
6,finetune,Lunar,configs/domains/lunar.yaml,Active,Prioritization-PER,1,binary,mlp.model_noise,0.0,configs/base.yaml,,/cluster/home/jsanta07/fNIRS2RL/Experiment/ParticipantData,/cluster/home/jsanta07/OfflineNeuroloop,Lunar__Active__Prioritization-PER__finetune__binary__seed1__noise0.0__beta1.0__ft0.0
7,finetune,Lunar,configs/domains/lunar.yaml,Active,Prioritization-PER,1,binary,mlp.model_noise,0.5,configs/base.yaml,,/cluster/home/jsanta07/fNIRS2RL/Experiment/ParticipantData,/cluster/home/jsanta07/OfflineNeuroloop,Lunar__Active__Prioritization-PER__finetune__binary__seed1__noise0.5__beta1.0__ft0.0
8,finetune,Lunar,configs/domains/lunar.yaml,Active,Prioritization-PER,1,binary,mlp.model_noise,1.0,configs/base.yaml,,/cluster/home/jsanta07/fNIRS2RL/Experiment/ParticipantData,/cluster/home/jsanta07/OfflineNeuroloop,Lunar__Active__Prioritization-PER__finetune__binary__seed1__noise1.0__beta1.0__ft0.0
9,finetune,Lunar,configs/domains/lunar.yaml,Passive,Q-Augmentation-PER,1,binary,mlp.model_noise,0.0,configs/base.yaml,,/cluster/home/jsanta07/fNIRS2RL/Experiment/ParticipantData,/cluster/home/jsanta07/OfflineNeuroloop,Lunar__Passive__Q-Augmentation-PER__finetune__binary__seed1__noise0.0__beta1.0__ft0.0
10,finetune,Lunar,configs/domains/lunar.yaml,Passive,Q-Augmentation-PER,1,binary,mlp.model_noise,0.5,configs/base.yaml,,/cluster/home/jsanta07/fNIRS2RL/Experiment/ParticipantData,/cluster/home/jsanta07/OfflineNeuroloop,Lunar__Passive__Q-Augmentation-PER__finetune__binary__seed1__noise0.5__beta1.0__ft0.0
11,finetune,Lunar,configs/domains/lunar.yaml,Passive,Q-Augmentation-PER,1,binary,mlp.model_noise,1.0,configs/base.yaml,,/cluster/home/jsanta07/fNIRS2RL/Experiment/ParticipantData,/cluster/home/jsanta07/OfflineNeuroloop,Lunar__Passive__Q-Augmentation-PER__finetune__binary__seed1__noise1.0__beta1.0__ft0.0
12,finetune,Lunar,configs/domains/lunar.yaml,Active,Q-Augmentation-PER,1,binary,mlp.model_noise,0.0,configs/base.yaml,,/cluster/home/jsanta07/fNIRS2RL/Experiment/ParticipantData,/cluster/home/jsanta07/OfflineNeuroloop,Lunar__Active__Q-Augmentation-PER__finetune__binary__seed1__noise0.0__beta1.0__ft0.0
13,finetune,Lunar,configs/domains/lunar.yaml,Active,Q-Augmentation-PER,1,binary,mlp.model_noise,0.5,configs/base.yaml,,/cluster/home/jsanta07/fNIRS2RL/Experiment/ParticipantData,/cluster/home/jsanta07/OfflineNeuroloop,Lunar__Active__Q-Augmentation-PER__finetune__binary__seed1__noise0.5__beta1.0__ft0.0
14,finetune,Lunar,configs/domains/lunar.yaml,Active,Q-Augmentation-PER,1,binary,mlp.model_noise,1.0,configs/base.yaml,,/cluster/home/jsanta07/fNIRS2RL/Experiment/ParticipantData,/cluster/home/jsanta07/OfflineNeuroloop,Lunar__Active__Q-Augmentation-PER__finetune__binary__seed1__noise1.0__beta1.0__ft0.0
15,finetune,Lunar,configs/domains/lunar.yaml,Passive,Reward Augmentation-PER,1,binary,mlp.model_noise,0.0,configs/base.yaml,,/cluster/home/jsanta07/fNIRS2RL/Experiment/ParticipantData,/cluster/home/jsanta07/OfflineNeuroloop,Lunar__Passive__Reward Augmentation-PER__finetune__binary__seed1__noise0.0__beta1.0__ft0.0
16,finetune,Lunar,configs/domains/lunar.yaml,Passive,Reward Augmentation-PER,1,binary,mlp.model_noise,0.5,configs/base.yaml,,/cluster/home/jsanta07/fNIRS2RL/Experiment/ParticipantData,/cluster/home/jsanta07/OfflineNeuroloop,Lunar__Passive__Reward Augmentation-PER__finetune__binary__seed1__noise0.5__beta1.0__ft0.0
17,finetune,Lunar,configs/domains/lunar.yaml,Passive,Reward Augmentation-PER,1,binary,mlp.model_noise,1.0,configs/base.yaml,,/cluster/home/jsanta07/fNIRS2RL/Experiment/ParticipantData,/cluster/home/jsanta07/OfflineNeuroloop,Lunar__Passive__Reward Augmentation-PER__finetune__binary__seed1__noise1.0__beta1.0__ft0.0
18,finetune,Lunar,configs/domains/lunar.yaml,Active,Reward Augmentation-PER,1,binary,mlp.model_noise,0.0,configs/base.yaml,,/cluster/home/jsanta07/fNIRS2RL/Experiment/ParticipantData,/cluster/home/jsanta07/OfflineNeuroloop,Lunar__Active__Reward Augmentation-PER__finetune__binary__seed1__noise0.0__beta1.0__ft0.0
19,finetune,Lunar,configs/domains/lunar.yaml,Active,Reward Augmentation-PER,1,binary,mlp.model_noise,0.5,configs/base.yaml,,/cluster/home/jsanta07/fNIRS2RL/Experiment/ParticipantData,/cluster/home/jsanta07/OfflineNeuroloop,Lunar__Active__Reward Augmentation-PER__finetune__binary__seed1__noise0.5__beta1.0__ft0.0
20,finetune,Lunar,configs/domains/lunar.yaml,Active,Reward Augmentation-PER,1,binary,mlp.model_noise,1.0,configs/base.yaml,,/cluster/home/jsanta07/fNIRS2RL/Experiment/ParticipantData,/cluster/home/jsanta07/OfflineNeuroloop,Lunar__Active__Reward Augmentation-PER__finetune__binary__seed1__noise1.0__beta1.0__ft0.0
21,finetune,Lunar,configs/domains/lunar.yaml,Passive,All-PER,1,binary,mlp.model_noise,0.0,configs/base.yaml,,/cluster/home/jsanta07/fNIRS2RL/Experiment/ParticipantData,/cluster/home/jsanta07/OfflineNeuroloop,Lunar__Passive__All-PER__finetune__binary__seed1__noise0.0__beta1.0__ft0.0
22,finetune,Lunar,configs/domains/lunar.yaml,Passive,All-PER,1,binary,mlp.model_noise,0.5,configs/base.yaml,,/cluster/home/jsanta07/fNIRS2RL/Experiment/ParticipantData,/cluster/home/jsanta07/OfflineNeuroloop,Lunar__Passive__All-PER__finetune__binary__seed1__noise0.5__beta1.0__ft0.0
23,finetune,Lunar,configs/domains/lunar.yaml,Passive,All-PER,1,binary,mlp.model_noise,1.0,configs/base.yaml,,/cluster/home/jsanta07/fNIRS2RL/Experiment/ParticipantData,/cluster/home/jsanta07/OfflineNeuroloop,Lunar__Passive__All-PER__finetune__binary__seed1__noise1.0__beta1.0__ft0.0
24,finetune,Lunar,configs/domains/lunar.yaml,Active,All-PER,1,binary,mlp.model_noise,0.0,configs/base.yaml,,/cluster/home/jsanta07/fNIRS2RL/Experiment/ParticipantData,/cluster/home/jsanta07/OfflineNeuroloop,Lunar__Active__All-PER__finetune__binary__seed1__noise0.0__beta1.0__ft0.0
25,finetune,Lunar,configs/domains/lunar.yaml,Active,All-PER,1,binary,mlp.model_noise,0.5,configs/base.yaml,,/cluster/home/jsanta07/fNIRS2RL/Experiment/ParticipantData,/cluster/home/jsanta07/OfflineNeuroloop,Lunar__Active__All-PER__finetune__binary__seed1__noise0.5__beta1.0__ft0.0
26,finetune,Lunar,configs/domains/lunar.yaml,Active,All-PER,1,binary,mlp.model_noise,1.0,configs/base.yaml,,/cluster/home/jsanta07/fNIRS2RL/Experiment/ParticipantData,/cluster/home/jsanta07/OfflineNeuroloop,Lunar__Active__All-PER__finetune__binary__seed1__noise1.0__beta1.0__ft0.0
27,finetune,Lunar,configs/domains/lunar.yaml,Passive,Baseline-PER,2,binary,mlp.model_noise,0.0,configs/base.yaml,,/cluster/home/jsanta07/fNIRS2RL/Experiment/ParticipantData,/cluster/home/jsanta07/OfflineNeuroloop,Lunar__Passive__Baseline-PER__finetune__binary__seed2__noise0.0__beta1.0__ft0.0
28,finetune,Lunar,configs/domains/lunar.yaml,Active,Baseline-PER,2,binary,mlp.model_noise,0.0,configs/base.yaml,,/cluster/home/jsanta07/fNIRS2RL/Experiment/ParticipantData,/cluster/home/jsanta07/OfflineNeuroloop,Lunar__Active__Baseline-PER__finetune__binary__seed2__noise0.0__beta1.0__ft0.0
29,finetune,Lunar,configs/domains/lunar.yaml,Passive,Prioritization-PER,2,binary,mlp.model_noise,0.0,configs/base.yaml,,/cluster/home/jsanta07/fNIRS2RL/Experiment/ParticipantData,/cluster/home/jsanta07/OfflineNeuroloop,Lunar__Passive__Prioritization-PER__finetune__binary__seed2__noise0.0__beta1.0__ft0.0
30,finetune,Lunar,configs/domains/lunar.yaml,Passive,Prioritization-PER,2,binary,mlp.model_noise,0.5,configs/base.yaml,,/cluster/home/jsanta07/fNIRS2RL/Experiment/ParticipantData,/cluster/home/jsanta07/OfflineNeuroloop,Lunar__Passive__Prioritization-PER__finetune__binary__seed2__noise0.5__beta1.0__ft0.0
31,finetune,Lunar,configs/domains/lunar.yaml,Passive,Prioritization-PER,2,binary,mlp.model_noise,1.0,configs/base.yaml,,/cluster/home/jsanta07/fNIRS2RL/Experiment/ParticipantData,/cluster/home/jsanta07/OfflineNeuroloop,Lunar__Passive__Prioritization-PER__finetune__binary__seed2__noise1.0__beta1.0__ft0.0
32,finetune,Lunar,configs/domains/lunar.yaml,Active,Prioritization-PER,2,binary,mlp.model_noise,0.0,configs/base.yaml,,/cluster/home/jsanta07/fNIRS2RL/Experiment/ParticipantData,/cluster/home/jsanta07/OfflineNeuroloop,Lunar__Active__Prioritization-PER__finetune__binary__seed2__noise0.0__beta1.0__ft0.0
33,finetune,Lunar,configs/domains/lunar.yaml,Active,Prioritization-PER,2,binary,mlp.model_noise,0.5,configs/base.yaml,,/cluster/home/jsanta07/fNIRS2RL/Experiment/ParticipantData,/cluster/home/jsanta07/OfflineNeuroloop,Lunar__Active__Prioritization-PER__finetune__binary__seed2__noise0.5__beta1.0__ft0.0
34,finetune,Lunar,configs/domains/lunar.yaml,Active,Prioritization-PER,2,binary,mlp.model_noise,1.0,configs/base.yaml,,/cluster/home/jsanta07/fNIRS2RL/Experiment/ParticipantData,/cluster/home/jsanta07/OfflineNeuroloop,Lunar__Active__Prioritization-PER__finetune__binary__seed2__noise1.0__beta1.0__ft0.0
35,finetune,Lunar,configs/domains/lunar.yaml,Passive,Q-Augmentation-PER,2,binary,mlp.model_noise,0.0,configs/base.yaml,,/cluster/home/jsanta07/fNIRS2RL/Experiment/ParticipantData,/cluster/home/jsanta07/OfflineNeuroloop,Lunar__Passive__Q-Augmentation-PER__finetune__binary__seed2__noise0.0__beta1.0__ft0.0
36,finetune,Lunar,configs/domains/lunar.yaml,Passive,Q-Augmentation-PER,2,binary,mlp.model_noise,0.5,configs/base.yaml,,/cluster/home/jsanta07/fNIRS2RL/Experiment/ParticipantData,/cluster/home/jsanta07/OfflineNeuroloop,Lunar__Passive__Q-Augmentation-PER__finetune__binary__seed2__noise0.5__beta1.0__ft0.0
37,finetune,Lunar,configs/domains/lunar.yaml,Passive,Q-Augmentation-PER,2,binary,mlp.model_noise,1.0,configs/base.yaml,,/cluster/home/jsanta07/fNIRS2RL/Experiment/ParticipantData,/cluster/home/jsanta07/OfflineNeuroloop,Lunar__Passive__Q-Augmentation-PER__finetune__binary__seed2__noise1.0__beta1.0__ft0.0
38,finetune,Lunar,configs/domains/lunar.yaml,Active,Q-Augmentation-PER,2,binary,mlp.model_noise,0.0,configs/base.yaml,,/cluster/home/jsanta07/fNIRS2RL/Experiment/ParticipantData,/cluster/home/jsanta07/OfflineNeuroloop,Lunar__Active__Q-Augmentation-PER__finetune__binary__seed2__noise0.0__beta1.0__ft0.0
39,finetune,Lunar,configs/domains/lunar.yaml,Active,Q-Augmentation-PER,2,binary,mlp.model_noise,0.5,configs/base.yaml,,/cluster/home/jsanta07/fNIRS2RL/Experiment/ParticipantData,/cluster/home/jsanta07/OfflineNeuroloop,Lunar__Active__Q-Augmentation-PER__finetune__binary__seed2__noise0.5__beta1.0__ft0.0
40,finetune,Lunar,configs/domains/lunar.yaml,Active,Q-Augmentation-PER,2,binary,mlp.model_noise,1.0,configs/base.yaml,,/cluster/home/jsanta07/fNIRS2RL/Experiment/ParticipantData,/cluster/home/jsanta07/OfflineNeuroloop,Lunar__Active__Q-Augmentation-PER__finetune__binary__seed2__noise1.0__beta1.0__ft0.0
41,finetune,Lunar,configs/domains/lunar.yaml,Passive,Reward Augmentation-PER,2,binary,mlp.model_noise,0.0,configs/base.yaml,,/cluster/home/jsanta07/fNIRS2RL/Experiment/ParticipantData,/cluster/home/jsanta07/OfflineNeuroloop,Lunar__Passive__Reward Augmentation-PER__finetune__binary__seed2__noise0.0__beta1.0__ft0.0
42,finetune,Lunar,configs/domains/lunar.yaml,Passive,Reward Augmentation-PER,2,binary,mlp.model_noise,0.5,configs/base.yaml,,/cluster/home/jsanta07/fNIRS2RL/Experiment/ParticipantData,/cluster/home/jsanta07/OfflineNeuroloop,Lunar__Passive__Reward Augmentation-PER__finetune__binary__seed2__noise0.5__beta1.0__ft0.0
43,finetune,Lunar,configs/domains/lunar.yaml,Passive,Reward Augmentation-PER,2,binary,mlp.model_noise,1.0,configs/base.yaml,,/cluster/home/jsanta07/fNIRS2RL/Experiment/ParticipantData,/cluster/home/jsanta07/OfflineNeuroloop,Lunar__Passive__Reward Augmentation-PER__finetune__binary__seed2__noise1.0__beta1.0__ft0.0
44,finetune,Lunar,configs/domains/lunar.yaml,Active,Reward Augmentation-PER,2,binary,mlp.model_noise,0.0,configs/base.yaml,,/cluster/home/jsanta07/fNIRS2RL/Experiment/ParticipantData,/cluster/home/jsanta07/OfflineNeuroloop,Lunar__Active__Reward Augmentation-PER__finetune__binary__seed2__noise0.0__beta1.0__ft0.0
45,finetune,Lunar,configs/domains/lunar.yaml,Active,Reward Augmentation-PER,2,binary,mlp.model_noise,0.5,configs/base.yaml,,/cluster/home/jsanta07/fNIRS2RL/Experiment/ParticipantData,/cluster/home/jsanta07/OfflineNeuroloop,Lunar__Active__Reward Augmentation-PER__finetune__binary__seed2__noise0.5__beta1.0__ft0.0
46,finetune,Lunar,configs/domains/lunar.yaml,Active,Reward Augmentation-PER,2,binary,mlp.model_noise,1.0,configs/base.yaml,,/cluster/home/jsanta07/fNIRS2RL/Experiment/ParticipantData,/cluster/home/jsanta07/OfflineNeuroloop,Lunar__Active__Reward Augmentation-PER__finetune__binary__seed2__noise1.0__beta1.0__ft0.0
47,finetune,Lunar,configs/domains/lunar.yaml,Passive,All-PER,2,binary,mlp.model_noise,0.0,configs/base.yaml,,/cluster/home/jsanta07/fNIRS2RL/Experiment/ParticipantData,/cluster/home/jsanta07/OfflineNeuroloop,Lunar__Passive__All-PER__finetune__binary__seed2__noise0.0__beta1.0__ft0.0
48,finetune,Lunar,configs/domains/lunar.yaml,Passive,All-PER,2,binary,mlp.model_noise,0.5,configs/base.yaml,,/cluster/home/jsanta07/fNIRS2RL/Experiment/ParticipantData,/cluster/home/jsanta07/OfflineNeuroloop,Lunar__Passive__All-PER__finetune__binary__seed2__noise0.5__beta1.0__ft0.0
49,finetune,Lunar,configs/domains/lunar.yaml,Passive,All-PER,2,binary,mlp.model_noise,1.0,configs/base.yaml,,/cluster/home/jsanta07/fNIRS2RL/Experiment/ParticipantData,/cluster/home/jsanta07/OfflineNeuroloop,Lunar__Passive__All-PER__finetune__binary__seed2__noise1.0__beta1.0__ft0.0
50,finetune,Lunar,configs/domains/lunar.yaml,Active,All-PER,2,binary,mlp.model_noise,0.0,configs/base.yaml,,/cluster/home/jsanta07/fNIRS2RL/Experiment/ParticipantData,/cluster/home/jsanta07/OfflineNeuroloop,Lunar__Active__All-PER__finetune__binary__seed2__noise0.0__beta1.0__ft0.0
51,finetune,Lunar,configs/domains/lunar.yaml,Active,All-PER,2,binary,mlp.model_noise,0.5,configs/base.yaml,,/cluster/home/jsanta07/fNIRS2RL/Experiment/ParticipantData,/cluster/home/jsanta07/OfflineNeuroloop,Lunar__Active__All-PER__finetune__binary__seed2__noise0.5__beta1.0__ft0.0
52,finetune,Lunar,configs/domains/lunar.yaml,Active,All-PER,2,binary,mlp.model_noise,1.0,configs/base.yaml,,/cluster/home/jsanta07/fNIRS2RL/Experiment/ParticipantData,/cluster/home/jsanta07/OfflineNeuroloop,Lunar__Active__All-PER__finetune__binary__seed2__noise1.0__beta1.0__ft0.0
53,finetune,Lunar,configs/domains/lunar.yaml,Passive,Baseline-PER,3,binary,mlp.model_noise,0.0,configs/base.yaml,,/cluster/home/jsanta07/fNIRS2RL/Experiment/ParticipantData,/cluster/home/jsanta07/OfflineNeuroloop,Lunar__Passive__Baseline-PER__finetune__binary__seed3__noise0.0__beta1.0__ft0.0
54,finetune,Lunar,configs/domains/lunar.yaml,Active,Baseline-PER,3,binary,mlp.model_noise,0.0,configs/base.yaml,,/cluster/home/jsanta07/fNIRS2RL/Experiment/ParticipantData,/cluster/home/jsanta07/OfflineNeuroloop,Lunar__Active__Baseline-PER__finetune__binary__seed3__noise0.0__beta1.0__ft0.0
55,finetune,Lunar,configs/domains/lunar.yaml,Passive,Prioritization-PER,3,binary,mlp.model_noise,0.0,configs/base.yaml,,/cluster/home/jsanta07/fNIRS2RL/Experiment/ParticipantData,/cluster/home/jsanta07/OfflineNeuroloop,Lunar__Passive__Prioritization-PER__finetune__binary__seed3__noise0.0__beta1.0__ft0.0
56,finetune,Lunar,configs/domains/lunar.yaml,Passive,Prioritization-PER,3,binary,mlp.model_noise,0.5,configs/base.yaml,,/cluster/home/jsanta07/fNIRS2RL/Experiment/ParticipantData,/cluster/home/jsanta07/OfflineNeuroloop,Lunar__Passive__Prioritization-PER__finetune__binary__seed3__noise0.5__beta1.0__ft0.0
57,finetune,Lunar,configs/domains/lunar.yaml,Passive,Prioritization-PER,3,binary,mlp.model_noise,1.0,configs/base.yaml,,/cluster/home/jsanta07/fNIRS2RL/Experiment/ParticipantData,/cluster/home/jsanta07/OfflineNeuroloop,Lunar__Passive__Prioritization-PER__finetune__binary__seed3__noise1.0__beta1.0__ft0.0
58,finetune,Lunar,configs/domains/lunar.yaml,Active,Prioritization-PER,3,binary,mlp.model_noise,0.0,configs/base.yaml,,/cluster/home/jsanta07/fNIRS2RL/Experiment/ParticipantData,/cluster/home/jsanta07/OfflineNeuroloop,Lunar__Active__Prioritization-PER__finetune__binary__seed3__noise0.0__beta1.0__ft0.0
59,finetune,Lunar,configs/domains/lunar.yaml,Active,Prioritization-PER,3,binary,mlp.model_noise,0.5,configs/base.yaml,,/cluster/home/jsanta07/fNIRS2RL/Experiment/ParticipantData,/cluster/home/jsanta07/OfflineNeuroloop,Lunar__Active__Prioritization-PER__finetune__binary__seed3__noise0.5__beta1.0__ft0.0
60,finetune,Lunar,configs/domains/lunar.yaml,Active,Prioritization-PER,3,binary,mlp.model_noise,1.0,configs/base.yaml,,/cluster/home/jsanta07/fNIRS2RL/Experiment/ParticipantData,/cluster/home/jsanta07/OfflineNeuroloop,Lunar__Active__Prioritization-PER__finetune__binary__seed3__noise1.0__beta1.0__ft0.0
61,finetune,Lunar,configs/domains/lunar.yaml,Passive,Q-Augmentation-PER,3,binary,mlp.model_noise,0.0,configs/base.yaml,,/cluster/home/jsanta07/fNIRS2RL/Experiment/ParticipantData,/cluster/home/jsanta07/OfflineNeuroloop,Lunar__Passive__Q-Augmentation-PER__finetune__binary__seed3__noise0.0__beta1.0__ft0.0
62,finetune,Lunar,configs/domains/lunar.yaml,Passive,Q-Augmentation-PER,3,binary,mlp.model_noise,0.5,configs/base.yaml,,/cluster/home/jsanta07/fNIRS2RL/Experiment/ParticipantData,/cluster/home/jsanta07/OfflineNeuroloop,Lunar__Passive__Q-Augmentation-PER__finetune__binary__seed3__noise0.5__beta1.0__ft0.0
63,finetune,Lunar,configs/domains/lunar.yaml,Passive,Q-Augmentation-PER,3,binary,mlp.model_noise,1.0,configs/base.yaml,,/cluster/home/jsanta07/fNIRS2RL/Experiment/ParticipantData,/cluster/home/jsanta07/OfflineNeuroloop,Lunar__Passive__Q-Augmentation-PER__finetune__binary__seed3__noise1.0__beta1.0__ft0.0
64,finetune,Lunar,configs/domains/lunar.yaml,Active,Q-Augmentation-PER,3,binary,mlp.model_noise,0.0,configs/base.yaml,,/cluster/home/jsanta07/fNIRS2RL/Experiment/ParticipantData,/cluster/home/jsanta07/OfflineNeuroloop,Lunar__Active__Q-Augmentation-PER__finetune__binary__seed3__noise0.0__beta1.0__ft0.0
65,finetune,Lunar,configs/domains/lunar.yaml,Active,Q-Augmentation-PER,3,binary,mlp.model_noise,0.5,configs/base.yaml,,/cluster/home/jsanta07/fNIRS2RL/Experiment/ParticipantData,/cluster/home/jsanta07/OfflineNeuroloop,Lunar__Active__Q-Augmentation-PER__finetune__binary__seed3__noise0.5__beta1.0__ft0.0
66,finetune,Lunar,configs/domains/lunar.yaml,Active,Q-Augmentation-PER,3,binary,mlp.model_noise,1.0,configs/base.yaml,,/cluster/home/jsanta07/fNIRS2RL/Experiment/ParticipantData,/cluster/home/jsanta07/OfflineNeuroloop,Lunar__Active__Q-Augmentation-PER__finetune__binary__seed3__noise1.0__beta1.0__ft0.0
67,finetune,Lunar,configs/domains/lunar.yaml,Passive,Reward Augmentation-PER,3,binary,mlp.model_noise,0.0,configs/base.yaml,,/cluster/home/jsanta07/fNIRS2RL/Experiment/ParticipantData,/cluster/home/jsanta07/OfflineNeuroloop,Lunar__Passive__Reward Augmentation-PER__finetune__binary__seed3__noise0.0__beta1.0__ft0.0
68,finetune,Lunar,configs/domains/lunar.yaml,Passive,Reward Augmentation-PER,3,binary,mlp.model_noise,0.5,configs/base.yaml,,/cluster/home/jsanta07/fNIRS2RL/Experiment/ParticipantData,/cluster/home/jsanta07/OfflineNeuroloop,Lunar__Passive__Reward Augmentation-PER__finetune__binary__seed3__noise0.5__beta1.0__ft0.0
69,finetune,Lunar,configs/domains/lunar.yaml,Passive,Reward Augmentation-PER,3,binary,mlp.model_noise,1.0,configs/base.yaml,,/cluster/home/jsanta07/fNIRS2RL/Experiment/ParticipantData,/cluster/home/jsanta07/OfflineNeuroloop,Lunar__Passive__Reward Augmentation-PER__finetune__binary__seed3__noise1.0__beta1.0__ft0.0
70,finetune,Lunar,configs/domains/lunar.yaml,Active,Reward Augmentation-PER,3,binary,mlp.model_noise,0.0,configs/base.yaml,,/cluster/home/jsanta07/fNIRS2RL/Experiment/ParticipantData,/cluster/home/jsanta07/OfflineNeuroloop,Lunar__Active__Reward Augmentation-PER__finetune__binary__seed3__noise0.0__beta1.0__ft0.0
71,finetune,Lunar,configs/domains/lunar.yaml,Active,Reward Augmentation-PER,3,binary,mlp.model_noise,0.5,configs/base.yaml,,/cluster/home/jsanta07/fNIRS2RL/Experiment/ParticipantData,/cluster/home/jsanta07/OfflineNeuroloop,Lunar__Active__Reward Augmentation-PER__finetune__binary__seed3__noise0.5__beta1.0__ft0.0
72,finetune,Lunar,configs/domains/lunar.yaml,Active,Reward Augmentation-PER,3,binary,mlp.model_noise,1.0,configs/base.yaml,,/cluster/home/jsanta07/fNIRS2RL/Experiment/ParticipantData,/cluster/home/jsanta07/OfflineNeuroloop,Lunar__Active__Reward Augmentation-PER__finetune__binary__seed3__noise1.0__beta1.0__ft0.0
73,finetune,Lunar,configs/domains/lunar.yaml,Passive,All-PER,3,binary,mlp.model_noise,0.0,configs/base.yaml,,/cluster/home/jsanta07/fNIRS2RL/Experiment/ParticipantData,/cluster/home/jsanta07/OfflineNeuroloop,Lunar__Passive__All-PER__finetune__binary__seed3__noise0.0__beta1.0__ft0.0
74,finetune,Lunar,configs/domains/lunar.yaml,Passive,All-PER,3,binary,mlp.model_noise,0.5,configs/base.yaml,,/cluster/home/jsanta07/fNIRS2RL/Experiment/ParticipantData,/cluster/home/jsanta07/OfflineNeuroloop,Lunar__Passive__All-PER__finetune__binary__seed3__noise0.5__beta1.0__ft0.0
75,finetune,Lunar,configs/domains/lunar.yaml,Passive,All-PER,3,binary,mlp.model_noise,1.0,configs/base.yaml,,/cluster/home/jsanta07/fNIRS2RL/Experiment/ParticipantData,/cluster/home/jsanta07/OfflineNeuroloop,Lunar__Passive__All-PER__finetune__binary__seed3__noise1.0__beta1.0__ft0.0
76,finetune,Lunar,configs/domains/lunar.yaml,Active,All-PER,3,binary,mlp.model_noise,0.0,configs/base.yaml,,/cluster/home/jsanta07/fNIRS2RL/Experiment/ParticipantData,/cluster/home/jsanta07/OfflineNeuroloop,Lunar__Active__All-PER__finetune__binary__seed3__noise0.0__beta1.0__ft0.0
77,finetune,Lunar,configs/domains/lunar.yaml,Active,All-PER,3,binary,mlp.model_noise,0.5,configs/base.yaml,,/cluster/home/jsanta07/fNIRS2RL/Experiment/ParticipantData,/cluster/home/jsanta07/OfflineNeuroloop,Lunar__Active__All-PER__finetune__binary__seed3__noise0.5__beta1.0__ft0.0
78,finetune,Lunar,configs/domains/lunar.yaml,Active,All-PER,3,binary,mlp.model_noise,1.0,configs/base.yaml,,/cluster/home/jsanta07/fNIRS2RL/Experiment/ParticipantData,/cluster/home/jsanta07/OfflineNeuroloop,Lunar__Active__All-PER__finetune__binary__seed3__noise1.0__beta1.0__ft0.0
79,finetune,Lunar,configs/domains/lunar.yaml,Passive,Baseline-PER,4,binary,mlp.model_noise,0.0,configs/base.yaml,,/cluster/home/jsanta07/fNIRS2RL/Experiment/ParticipantData,/cluster/home/jsanta07/OfflineNeuroloop,Lunar__Passive__Baseline-PER__finetune__binary__seed4__noise0.0__beta1.0__ft0.0
80,finetune,Lunar,configs/domains/lunar.yaml,Active,Baseline-PER,4,binary,mlp.model_noise,0.0,configs/base.yaml,,/cluster/home/jsanta07/fNIRS2RL/Experiment/ParticipantData,/cluster/home/jsanta07/OfflineNeuroloop,Lunar__Active__Baseline-PER__finetune__binary__seed4__noise0.0__beta1.0__ft0.0
81,finetune,Lunar,configs/domains/lunar.yaml,Passive,Prioritization-PER,4,binary,mlp.model_noise,0.0,configs/base.yaml,,/cluster/home/jsanta07/fNIRS2RL/Experiment/ParticipantData,/cluster/home/jsanta07/OfflineNeuroloop,Lunar__Passive__Prioritization-PER__finetune__binary__seed4__noise0.0__beta1.0__ft0.0
82,finetune,Lunar,configs/domains/lunar.yaml,Passive,Prioritization-PER,4,binary,mlp.model_noise,0.5,configs/base.yaml,,/cluster/home/jsanta07/fNIRS2RL/Experiment/ParticipantData,/cluster/home/jsanta07/OfflineNeuroloop,Lunar__Passive__Prioritization-PER__finetune__binary__seed4__noise0.5__beta1.0__ft0.0
83,finetune,Lunar,configs/domains/lunar.yaml,Passive,Prioritization-PER,4,binary,mlp.model_noise,1.0,configs/base.yaml,,/cluster/home/jsanta07/fNIRS2RL/Experiment/ParticipantData,/cluster/home/jsanta07/OfflineNeuroloop,Lunar__Passive__Prioritization-PER__finetune__binary__seed4__noise1.0__beta1.0__ft0.0
84,finetune,Lunar,configs/domains/lunar.yaml,Active,Prioritization-PER,4,binary,mlp.model_noise,0.0,configs/base.yaml,,/cluster/home/jsanta07/fNIRS2RL/Experiment/ParticipantData,/cluster/home/jsanta07/OfflineNeuroloop,Lunar__Active__Prioritization-PER__finetune__binary__seed4__noise0.0__beta1.0__ft0.0
85,finetune,Lunar,configs/domains/lunar.yaml,Active,Prioritization-PER,4,binary,mlp.model_noise,0.5,configs/base.yaml,,/cluster/home/jsanta07/fNIRS2RL/Experiment/ParticipantData,/cluster/home/jsanta07/OfflineNeuroloop,Lunar__Active__Prioritization-PER__finetune__binary__seed4__noise0.5__beta1.0__ft0.0
86,finetune,Lunar,configs/domains/lunar.yaml,Active,Prioritization-PER,4,binary,mlp.model_noise,1.0,configs/base.yaml,,/cluster/home/jsanta07/fNIRS2RL/Experiment/ParticipantData,/cluster/home/jsanta07/OfflineNeuroloop,Lunar__Active__Prioritization-PER__finetune__binary__seed4__noise1.0__beta1.0__ft0.0
87,finetune,Lunar,configs/domains/lunar.yaml,Passive,Q-Augmentation-PER,4,binary,mlp.model_noise,0.0,configs/base.yaml,,/cluster/home/jsanta07/fNIRS2RL/Experiment/ParticipantData,/cluster/home/jsanta07/OfflineNeuroloop,Lunar__Passive__Q-Augmentation-PER__finetune__binary__seed4__noise0.0__beta1.0__ft0.0
88,finetune,Lunar,configs/domains/lunar.yaml,Passive,Q-Augmentation-PER,4,binary,mlp.model_noise,0.5,configs/base.yaml,,/cluster/home/jsanta07/fNIRS2RL/Experiment/ParticipantData,/cluster/home/jsanta07/OfflineNeuroloop,Lunar__Passive__Q-Augmentation-PER__finetune__binary__seed4__noise0.5__beta1.0__ft0.0
89,finetune,Lunar,configs/domains/lunar.yaml,Passive,Q-Augmentation-PER,4,binary,mlp.model_noise,1.0,configs/base.yaml,,/cluster/home/jsanta07/fNIRS2RL/Experiment/ParticipantData,/cluster/home/jsanta07/OfflineNeuroloop,Lunar__Passive__Q-Augmentation-PER__finetune__binary__seed4__noise1.0__beta1.0__ft0.0
90,finetune,Lunar,configs/domains/lunar.yaml,Active,Q-Augmentation-PER,4,binary,mlp.model_noise,0.0,configs/base.yaml,,/cluster/home/jsanta07/fNIRS2RL/Experiment/ParticipantData,/cluster/home/jsanta07/OfflineNeuroloop,Lunar__Active__Q-Augmentation-PER__finetune__binary__seed4__noise0.0__beta1.0__ft0.0
91,finetune,Lunar,configs/domains/lunar.yaml,Active,Q-Augmentation-PER,4,binary,mlp.model_noise,0.5,configs/base.yaml,,/cluster/home/jsanta07/fNIRS2RL/Experiment/ParticipantData,/cluster/home/jsanta07/OfflineNeuroloop,Lunar__Active__Q-Augmentation-PER__finetune__binary__seed4__noise0.5__beta1.0__ft0.0
92,finetune,Lunar,configs/domains/lunar.yaml,Active,Q-Augmentation-PER,4,binary,mlp.model_noise,1.0,configs/base.yaml,,/cluster/home/jsanta07/fNIRS2RL/Experiment/ParticipantData,/cluster/home/jsanta07/OfflineNeuroloop,Lunar__Active__Q-Augmentation-PER__finetune__binary__seed4__noise1.0__beta1.0__ft0.0
93,finetune,Lunar,configs/domains/lunar.yaml,Passive,Reward Augmentation-PER,4,binary,mlp.model_noise,0.0,configs/base.yaml,,/cluster/home/jsanta07/fNIRS2RL/Experiment/ParticipantData,/cluster/home/jsanta07/OfflineNeuroloop,Lunar__Passive__Reward Augmentation-PER__finetune__binary__seed4__noise0.0__beta1.0__ft0.0
94,finetune,Lunar,configs/domains/lunar.yaml,Passive,Reward Augmentation-PER,4,binary,mlp.model_noise,0.5,configs/base.yaml,,/cluster/home/jsanta07/fNIRS2RL/Experiment/ParticipantData,/cluster/home/jsanta07/OfflineNeuroloop,Lunar__Passive__Reward Augmentation-PER__finetune__binary__seed4__noise0.5__beta1.0__ft0.0
95,finetune,Lunar,configs/domains/lunar.yaml,Passive,Reward Augmentation-PER,4,binary,mlp.model_noise,1.0,configs/base.yaml,,/cluster/home/jsanta07/fNIRS2RL/Experiment/ParticipantData,/cluster/home/jsanta07/OfflineNeuroloop,Lunar__Passive__Reward Augmentation-PER__finetune__binary__seed4__noise1.0__beta1.0__ft0.0
96,finetune,Lunar,configs/domains/lunar.yaml,Active,Reward Augmentation-PER,4,binary,mlp.model_noise,0.0,configs/base.yaml,,/cluster/home/jsanta07/fNIRS2RL/Experiment/ParticipantData,/cluster/home/jsanta07/OfflineNeuroloop,Lunar__Active__Reward Augmentation-PER__finetune__binary__seed4__noise0.0__beta1.0__ft0.0
97,finetune,Lunar,configs/domains/lunar.yaml,Active,Reward Augmentation-PER,4,binary,mlp.model_noise,0.5,configs/base.yaml,,/cluster/home/jsanta07/fNIRS2RL/Experiment/ParticipantData,/cluster/home/jsanta07/OfflineNeuroloop,Lunar__Active__Reward Augmentation-PER__finetune__binary__seed4__noise0.5__beta1.0__ft0.0
98,finetune,Lunar,configs/domains/lunar.yaml,Active,Reward Augmentation-PER,4,binary,mlp.model_noise,1.0,configs/base.yaml,,/cluster/home/jsanta07/fNIRS2RL/Experiment/ParticipantData,/cluster/home/jsanta07/OfflineNeuroloop,Lunar__Active__Reward Augmentation-PER__finetune__binary__seed4__noise1.0__beta1.0__ft0.0
99,finetune,Lunar,configs/domains/lunar.yaml,Passive,All-PER,4,binary,mlp.model_noise,0.0,configs/base.yaml,,/cluster/home/jsanta07/fNIRS2RL/Experiment/ParticipantData,/cluster/home/jsanta07/OfflineNeuroloop,Lunar__Passive__All-PER__finetune__binary__seed4__noise0.0__beta1.0__ft0.0
100,finetune,Lunar,configs/domains/lunar.yaml,Passive,All-PER,4,binary,mlp.model_noise,0.5,configs/base.yaml,,/cluster/home/jsanta07/fNIRS2RL/Experiment/ParticipantData,/cluster/home/jsanta07/OfflineNeuroloop,Lunar__Passive__All-PER__finetune__binary__seed4__noise0.5__beta1.0__ft0.0
101,finetune,Lunar,configs/domains/lunar.yaml,Passive,All-PER,4,binary,mlp.model_noise,1.0,configs/base.yaml,,/cluster/home/jsanta07/fNIRS2RL/Experiment/ParticipantData,/cluster/home/jsanta07/OfflineNeuroloop,Lunar__Passive__All-PER__finetune__binary__seed4__noise1.0__beta1.0__ft0.0
102,finetune,Lunar,configs/domains/lunar.yaml,Active,All-PER,4,binary,mlp.model_noise,0.0,configs/base.yaml,,/cluster/home/jsanta07/fNIRS2RL/Experiment/ParticipantData,/cluster/home/jsanta07/OfflineNeuroloop,Lunar__Active__All-PER__finetune__binary__seed4__noise0.0__beta1.0__ft0.0
103,finetune,Lunar,configs/domains/lunar.yaml,Active,All-PER,4,binary,mlp.model_noise,0.5,configs/base.yaml,,/cluster/home/jsanta07/fNIRS2RL/Experiment/ParticipantData,/cluster/home/jsanta07/OfflineNeuroloop,Lunar__Active__All-PER__finetune__binary__seed4__noise0.5__beta1.0__ft0.0
104,finetune,Lunar,configs/domains/lunar.yaml,Active,All-PER,4,binary,mlp.model_noise,1.0,configs/base.yaml,,/cluster/home/jsanta07/fNIRS2RL/Experiment/ParticipantData,/cluster/home/jsanta07/OfflineNeuroloop,Lunar__Active__All-PER__finetune__binary__seed4__noise1.0__beta1.0__ft0.0
105,finetune,Lunar,configs/domains/lunar.yaml,Passive,Baseline-PER,5,binary,mlp.model_noise,0.0,configs/base.yaml,,/cluster/home/jsanta07/fNIRS2RL/Experiment/ParticipantData,/cluster/home/jsanta07/OfflineNeuroloop,Lunar__Passive__Baseline-PER__finetune__binary__seed5__noise0.0__beta1.0__ft0.0
106,finetune,Lunar,configs/domains/lunar.yaml,Active,Baseline-PER,5,binary,mlp.model_noise,0.0,configs/base.yaml,,/cluster/home/jsanta07/fNIRS2RL/Experiment/ParticipantData,/cluster/home/jsanta07/OfflineNeuroloop,Lunar__Active__Baseline-PER__finetune__binary__seed5__noise0.0__beta1.0__ft0.0
107,finetune,Lunar,configs/domains/lunar.yaml,Passive,Prioritization-PER,5,binary,mlp.model_noise,0.0,configs/base.yaml,,/cluster/home/jsanta07/fNIRS2RL/Experiment/ParticipantData,/cluster/home/jsanta07/OfflineNeuroloop,Lunar__Passive__Prioritization-PER__finetune__binary__seed5__noise0.0__beta1.0__ft0.0
108,finetune,Lunar,configs/domains/lunar.yaml,Passive,Prioritization-PER,5,binary,mlp.model_noise,0.5,configs/base.yaml,,/cluster/home/jsanta07/fNIRS2RL/Experiment/ParticipantData,/cluster/home/jsanta07/OfflineNeuroloop,Lunar__Passive__Prioritization-PER__finetune__binary__seed5__noise0.5__beta1.0__ft0.0
109,finetune,Lunar,configs/domains/lunar.yaml,Passive,Prioritization-PER,5,binary,mlp.model_noise,1.0,configs/base.yaml,,/cluster/home/jsanta07/fNIRS2RL/Experiment/ParticipantData,/cluster/home/jsanta07/OfflineNeuroloop,Lunar__Passive__Prioritization-PER__finetune__binary__seed5__noise1.0__beta1.0__ft0.0
110,finetune,Lunar,configs/domains/lunar.yaml,Active,Prioritization-PER,5,binary,mlp.model_noise,0.0,configs/base.yaml,,/cluster/home/jsanta07/fNIRS2RL/Experiment/ParticipantData,/cluster/home/jsanta07/OfflineNeuroloop,Lunar__Active__Prioritization-PER__finetune__binary__seed5__noise0.0__beta1.0__ft0.0
111,finetune,Lunar,configs/domains/lunar.yaml,Active,Prioritization-PER,5,binary,mlp.model_noise,0.5,configs/base.yaml,,/cluster/home/jsanta07/fNIRS2RL/Experiment/ParticipantData,/cluster/home/jsanta07/OfflineNeuroloop,Lunar__Active__Prioritization-PER__finetune__binary__seed5__noise0.5__beta1.0__ft0.0
112,finetune,Lunar,configs/domains/lunar.yaml,Active,Prioritization-PER,5,binary,mlp.model_noise,1.0,configs/base.yaml,,/cluster/home/jsanta07/fNIRS2RL/Experiment/ParticipantData,/cluster/home/jsanta07/OfflineNeuroloop,Lunar__Active__Prioritization-PER__finetune__binary__seed5__noise1.0__beta1.0__ft0.0
113,finetune,Lunar,configs/domains/lunar.yaml,Passive,Q-Augmentation-PER,5,binary,mlp.model_noise,0.0,configs/base.yaml,,/cluster/home/jsanta07/fNIRS2RL/Experiment/ParticipantData,/cluster/home/jsanta07/OfflineNeuroloop,Lunar__Passive__Q-Augmentation-PER__finetune__binary__seed5__noise0.0__beta1.0__ft0.0
114,finetune,Lunar,configs/domains/lunar.yaml,Passive,Q-Augmentation-PER,5,binary,mlp.model_noise,0.5,configs/base.yaml,,/cluster/home/jsanta07/fNIRS2RL/Experiment/ParticipantData,/cluster/home/jsanta07/OfflineNeuroloop,Lunar__Passive__Q-Augmentation-PER__finetune__binary__seed5__noise0.5__beta1.0__ft0.0
115,finetune,Lunar,configs/domains/lunar.yaml,Passive,Q-Augmentation-PER,5,binary,mlp.model_noise,1.0,configs/base.yaml,,/cluster/home/jsanta07/fNIRS2RL/Experiment/ParticipantData,/cluster/home/jsanta07/OfflineNeuroloop,Lunar__Passive__Q-Augmentation-PER__finetune__binary__seed5__noise1.0__beta1.0__ft0.0
116,finetune,Lunar,configs/domains/lunar.yaml,Active,Q-Augmentation-PER,5,binary,mlp.model_noise,0.0,configs/base.yaml,,/cluster/home/jsanta07/fNIRS2RL/Experiment/ParticipantData,/cluster/home/jsanta07/OfflineNeuroloop,Lunar__Active__Q-Augmentation-PER__finetune__binary__seed5__noise0.0__beta1.0__ft0.0
117,finetune,Lunar,configs/domains/lunar.yaml,Active,Q-Augmentation-PER,5,binary,mlp.model_noise,0.5,configs/base.yaml,,/cluster/home/jsanta07/fNIRS2RL/Experiment/ParticipantData,/cluster/home/jsanta07/OfflineNeuroloop,Lunar__Active__Q-Augmentation-PER__finetune__binary__seed5__noise0.5__beta1.0__ft0.0
118,finetune,Lunar,configs/domains/lunar.yaml,Active,Q-Augmentation-PER,5,binary,mlp.model_noise,1.0,configs/base.yaml,,/cluster/home/jsanta07/fNIRS2RL/Experiment/ParticipantData,/cluster/home/jsanta07/OfflineNeuroloop,Lunar__Active__Q-Augmentation-PER__finetune__binary__seed5__noise1.0__beta1.0__ft0.0
119,finetune,Lunar,configs/domains/lunar.yaml,Passive,Reward Augmentation-PER,5,binary,mlp.model_noise,0.0,configs/base.yaml,,/cluster/home/jsanta07/fNIRS2RL/Experiment/ParticipantData,/cluster/home/jsanta07/OfflineNeuroloop,Lunar__Passive__Reward Augmentation-PER__finetune__binary__seed5__noise0.0__beta1.0__ft0.0
120,finetune,Lunar,configs/domains/lunar.yaml,Passive,Reward Augmentation-PER,5,binary,mlp.model_noise,0.5,configs/base.yaml,,/cluster/home/jsanta07/fNIRS2RL/Experiment/ParticipantData,/cluster/home/jsanta07/OfflineNeuroloop,Lunar__Passive__Reward Augmentation-PER__finetune__binary__seed5__noise0.5__beta1.0__ft0.0
121,finetune,Lunar,configs/domains/lunar.yaml,Passive,Reward Augmentation-PER,5,binary,mlp.model_noise,1.0,configs/base.yaml,,/cluster/home/jsanta07/fNIRS2RL/Experiment/ParticipantData,/cluster/home/jsanta07/OfflineNeuroloop,Lunar__Passive__Reward Augmentation-PER__finetune__binary__seed5__noise1.0__beta1.0__ft0.0
122,finetune,Lunar,configs/domains/lunar.yaml,Active,Reward Augmentation-PER,5,binary,mlp.model_noise,0.0,configs/base.yaml,,/cluster/home/jsanta07/fNIRS2RL/Experiment/ParticipantData,/cluster/home/jsanta07/OfflineNeuroloop,Lunar__Active__Reward Augmentation-PER__finetune__binary__seed5__noise0.0__beta1.0__ft0.0
123,finetune,Lunar,configs/domains/lunar.yaml,Active,Reward Augmentation-PER,5,binary,mlp.model_noise,0.5,configs/base.yaml,,/cluster/home/jsanta07/fNIRS2RL/Experiment/ParticipantData,/cluster/home/jsanta07/OfflineNeuroloop,Lunar__Active__Reward Augmentation-PER__finetune__binary__seed5__noise0.5__beta1.0__ft0.0
124,finetune,Lunar,configs/domains/lunar.yaml,Active,Reward Augmentation-PER,5,binary,mlp.model_noise,1.0,configs/base.yaml,,/cluster/home/jsanta07/fNIRS2RL/Experiment/ParticipantData,/cluster/home/jsanta07/OfflineNeuroloop,Lunar__Active__Reward Augmentation-PER__finetune__binary__seed5__noise1.0__beta1.0__ft0.0
125,finetune,Lunar,configs/domains/lunar.yaml,Passive,All-PER,5,binary,mlp.model_noise,0.0,configs/base.yaml,,/cluster/home/jsanta07/fNIRS2RL/Experiment/ParticipantData,/cluster/home/jsanta07/OfflineNeuroloop,Lunar__Passive__All-PER__finetune__binary__seed5__noise0.0__beta1.0__ft0.0
126,finetune,Lunar,configs/domains/lunar.yaml,Passive,All-PER,5,binary,mlp.model_noise,0.5,configs/base.yaml,,/cluster/home/jsanta07/fNIRS2RL/Experiment/ParticipantData,/cluster/home/jsanta07/OfflineNeuroloop,Lunar__Passive__All-PER__finetune__binary__seed5__noise0.5__beta1.0__ft0.0
127,finetune,Lunar,configs/domains/lunar.yaml,Passive,All-PER,5,binary,mlp.model_noise,1.0,configs/base.yaml,,/cluster/home/jsanta07/fNIRS2RL/Experiment/ParticipantData,/cluster/home/jsanta07/OfflineNeuroloop,Lunar__Passive__All-PER__finetune__binary__seed5__noise1.0__beta1.0__ft0.0
128,finetune,Lunar,configs/domains/lunar.yaml,Active,All-PER,5,binary,mlp.model_noise,0.0,configs/base.yaml,,/cluster/home/jsanta07/fNIRS2RL/Experiment/ParticipantData,/cluster/home/jsanta07/OfflineNeuroloop,Lunar__Active__All-PER__finetune__binary__seed5__noise0.0__beta1.0__ft0.0
129,finetune,Lunar,configs/domains/lunar.yaml,Active,All-PER,5,binary,mlp.model_noise,0.5,configs/base.yaml,,/cluster/home/jsanta07/fNIRS2RL/Experiment/ParticipantData,/cluster/home/jsanta07/OfflineNeuroloop,Lunar__Active__All-PER__finetune__binary__seed5__noise0.5__beta1.0__ft0.0
130,finetune,Lunar,configs/domains/lunar.yaml,Active,All-PER,5,binary,mlp.model_noise,1.0,configs/base.yaml,,/cluster/home/jsanta07/fNIRS2RL/Experiment/ParticipantData,/cluster/home/jsanta07/OfflineNeuroloop,Lunar__Active__All-PER__finetune__binary__seed5__noise1.0__beta1.0__ft0.0
131,finetune,Lunar,configs/domains/lunar.yaml,Passive,Baseline-PER,6,binary,mlp.model_noise,0.0,configs/base.yaml,,/cluster/home/jsanta07/fNIRS2RL/Experiment/ParticipantData,/cluster/home/jsanta07/OfflineNeuroloop,Lunar__Passive__Baseline-PER__finetune__binary__seed6__noise0.0__beta1.0__ft0.0
132,finetune,Lunar,configs/domains/lunar.yaml,Active,Baseline-PER,6,binary,mlp.model_noise,0.0,configs/base.yaml,,/cluster/home/jsanta07/fNIRS2RL/Experiment/ParticipantData,/cluster/home/jsanta07/OfflineNeuroloop,Lunar__Active__Baseline-PER__finetune__binary__seed6__noise0.0__beta1.0__ft0.0
133,finetune,Lunar,configs/domains/lunar.yaml,Passive,Prioritization-PER,6,binary,mlp.model_noise,0.0,configs/base.yaml,,/cluster/home/jsanta07/fNIRS2RL/Experiment/ParticipantData,/cluster/home/jsanta07/OfflineNeuroloop,Lunar__Passive__Prioritization-PER__finetune__binary__seed6__noise0.0__beta1.0__ft0.0
134,finetune,Lunar,configs/domains/lunar.yaml,Passive,Prioritization-PER,6,binary,mlp.model_noise,0.5,configs/base.yaml,,/cluster/home/jsanta07/fNIRS2RL/Experiment/ParticipantData,/cluster/home/jsanta07/OfflineNeuroloop,Lunar__Passive__Prioritization-PER__finetune__binary__seed6__noise0.5__beta1.0__ft0.0
135,finetune,Lunar,configs/domains/lunar.yaml,Passive,Prioritization-PER,6,binary,mlp.model_noise,1.0,configs/base.yaml,,/cluster/home/jsanta07/fNIRS2RL/Experiment/ParticipantData,/cluster/home/jsanta07/OfflineNeuroloop,Lunar__Passive__Prioritization-PER__finetune__binary__seed6__noise1.0__beta1.0__ft0.0
136,finetune,Lunar,configs/domains/lunar.yaml,Active,Prioritization-PER,6,binary,mlp.model_noise,0.0,configs/base.yaml,,/cluster/home/jsanta07/fNIRS2RL/Experiment/ParticipantData,/cluster/home/jsanta07/OfflineNeuroloop,Lunar__Active__Prioritization-PER__finetune__binary__seed6__noise0.0__beta1.0__ft0.0
137,finetune,Lunar,configs/domains/lunar.yaml,Active,Prioritization-PER,6,binary,mlp.model_noise,0.5,configs/base.yaml,,/cluster/home/jsanta07/fNIRS2RL/Experiment/ParticipantData,/cluster/home/jsanta07/OfflineNeuroloop,Lunar__Active__Prioritization-PER__finetune__binary__seed6__noise0.5__beta1.0__ft0.0
138,finetune,Lunar,configs/domains/lunar.yaml,Active,Prioritization-PER,6,binary,mlp.model_noise,1.0,configs/base.yaml,,/cluster/home/jsanta07/fNIRS2RL/Experiment/ParticipantData,/cluster/home/jsanta07/OfflineNeuroloop,Lunar__Active__Prioritization-PER__finetune__binary__seed6__noise1.0__beta1.0__ft0.0
139,finetune,Lunar,configs/domains/lunar.yaml,Passive,Q-Augmentation-PER,6,binary,mlp.model_noise,0.0,configs/base.yaml,,/cluster/home/jsanta07/fNIRS2RL/Experiment/ParticipantData,/cluster/home/jsanta07/OfflineNeuroloop,Lunar__Passive__Q-Augmentation-PER__finetune__binary__seed6__noise0.0__beta1.0__ft0.0
140,finetune,Lunar,configs/domains/lunar.yaml,Passive,Q-Augmentation-PER,6,binary,mlp.model_noise,0.5,configs/base.yaml,,/cluster/home/jsanta07/fNIRS2RL/Experiment/ParticipantData,/cluster/home/jsanta07/OfflineNeuroloop,Lunar__Passive__Q-Augmentation-PER__finetune__binary__seed6__noise0.5__beta1.0__ft0.0
141,finetune,Lunar,configs/domains/lunar.yaml,Passive,Q-Augmentation-PER,6,binary,mlp.model_noise,1.0,configs/base.yaml,,/cluster/home/jsanta07/fNIRS2RL/Experiment/ParticipantData,/cluster/home/jsanta07/OfflineNeuroloop,Lunar__Passive__Q-Augmentation-PER__finetune__binary__seed6__noise1.0__beta1.0__ft0.0
142,finetune,Lunar,configs/domains/lunar.yaml,Active,Q-Augmentation-PER,6,binary,mlp.model_noise,0.0,configs/base.yaml,,/cluster/home/jsanta07/fNIRS2RL/Experiment/ParticipantData,/cluster/home/jsanta07/OfflineNeuroloop,Lunar__Active__Q-Augmentation-PER__finetune__binary__seed6__noise0.0__beta1.0__ft0.0
143,finetune,Lunar,configs/domains/lunar.yaml,Active,Q-Augmentation-PER,6,binary,mlp.model_noise,0.5,configs/base.yaml,,/cluster/home/jsanta07/fNIRS2RL/Experiment/ParticipantData,/cluster/home/jsanta07/OfflineNeuroloop,Lunar__Active__Q-Augmentation-PER__finetune__binary__seed6__noise0.5__beta1.0__ft0.0
144,finetune,Lunar,configs/domains/lunar.yaml,Active,Q-Augmentation-PER,6,binary,mlp.model_noise,1.0,configs/base.yaml,,/cluster/home/jsanta07/fNIRS2RL/Experiment/ParticipantData,/cluster/home/jsanta07/OfflineNeuroloop,Lunar__Active__Q-Augmentation-PER__finetune__binary__seed6__noise1.0__beta1.0__ft0.0
145,finetune,Lunar,configs/domains/lunar.yaml,Passive,Reward Augmentation-PER,6,binary,mlp.model_noise,0.0,configs/base.yaml,,/cluster/home/jsanta07/fNIRS2RL/Experiment/ParticipantData,/cluster/home/jsanta07/OfflineNeuroloop,Lunar__Passive__Reward Augmentation-PER__finetune__binary__seed6__noise0.0__beta1.0__ft0.0
146,finetune,Lunar,configs/domains/lunar.yaml,Passive,Reward Augmentation-PER,6,binary,mlp.model_noise,0.5,configs/base.yaml,,/cluster/home/jsanta07/fNIRS2RL/Experiment/ParticipantData,/cluster/home/jsanta07/OfflineNeuroloop,Lunar__Passive__Reward Augmentation-PER__finetune__binary__seed6__noise0.5__beta1.0__ft0.0
147,finetune,Lunar,configs/domains/lunar.yaml,Passive,Reward Augmentation-PER,6,binary,mlp.model_noise,1.0,configs/base.yaml,,/cluster/home/jsanta07/fNIRS2RL/Experiment/ParticipantData,/cluster/home/jsanta07/OfflineNeuroloop,Lunar__Passive__Reward Augmentation-PER__finetune__binary__seed6__noise1.0__beta1.0__ft0.0
148,finetune,Lunar,configs/domains/lunar.yaml,Active,Reward Augmentation-PER,6,binary,mlp.model_noise,0.0,configs/base.yaml,,/cluster/home/jsanta07/fNIRS2RL/Experiment/ParticipantData,/cluster/home/jsanta07/OfflineNeuroloop,Lunar__Active__Reward Augmentation-PER__finetune__binary__seed6__noise0.0__beta1.0__ft0.0
149,finetune,Lunar,configs/domains/lunar.yaml,Active,Reward Augmentation-PER,6,binary,mlp.model_noise,0.5,configs/base.yaml,,/cluster/home/jsanta07/fNIRS2RL/Experiment/ParticipantData,/cluster/home/jsanta07/OfflineNeuroloop,Lunar__Active__Reward Augmentation-PER__finetune__binary__seed6__noise0.5__beta1.0__ft0.0
150,finetune,Lunar,configs/domains/lunar.yaml,Active,Reward Augmentation-PER,6,binary,mlp.model_noise,1.0,configs/base.yaml,,/cluster/home/jsanta07/fNIRS2RL/Experiment/ParticipantData,/cluster/home/jsanta07/OfflineNeuroloop,Lunar__Active__Reward Augmentation-PER__finetune__binary__seed6__noise1.0__beta1.0__ft0.0
151,finetune,Lunar,configs/domains/lunar.yaml,Passive,All-PER,6,binary,mlp.model_noise,0.0,configs/base.yaml,,/cluster/home/jsanta07/fNIRS2RL/Experiment/ParticipantData,/cluster/home/jsanta07/OfflineNeuroloop,Lunar__Passive__All-PER__finetune__binary__seed6__noise0.0__beta1.0__ft0.0
152,finetune,Lunar,configs/domains/lunar.yaml,Passive,All-PER,6,binary,mlp.model_noise,0.5,configs/base.yaml,,/cluster/home/jsanta07/fNIRS2RL/Experiment/ParticipantData,/cluster/home/jsanta07/OfflineNeuroloop,Lunar__Passive__All-PER__finetune__binary__seed6__noise0.5__beta1.0__ft0.0
153,finetune,Lunar,configs/domains/lunar.yaml,Passive,All-PER,6,binary,mlp.model_noise,1.0,configs/base.yaml,,/cluster/home/jsanta07/fNIRS2RL/Experiment/ParticipantData,/cluster/home/jsanta07/OfflineNeuroloop,Lunar__Passive__All-PER__finetune__binary__seed6__noise1.0__beta1.0__ft0.0
154,finetune,Lunar,configs/domains/lunar.yaml,Active,All-PER,6,binary,mlp.model_noise,0.0,configs/base.yaml,,/cluster/home/jsanta07/fNIRS2RL/Experiment/ParticipantData,/cluster/home/jsanta07/OfflineNeuroloop,Lunar__Active__All-PER__finetune__binary__seed6__noise0.0__beta1.0__ft0.0
155,finetune,Lunar,configs/domains/lunar.yaml,Active,All-PER,6,binary,mlp.model_noise,0.5,configs/base.yaml,,/cluster/home/jsanta07/fNIRS2RL/Experiment/ParticipantData,/cluster/home/jsanta07/OfflineNeuroloop,Lunar__Active__All-PER__finetune__binary__seed6__noise0.5__beta1.0__ft0.0
156,finetune,Lunar,configs/domains/lunar.yaml,Active,All-PER,6,binary,mlp.model_noise,1.0,configs/base.yaml,,/cluster/home/jsanta07/fNIRS2RL/Experiment/ParticipantData,/cluster/home/jsanta07/OfflineNeuroloop,Lunar__Active__All-PER__finetune__binary__seed6__noise1.0__beta1.0__ft0.0
157,finetune,Lunar,configs/domains/lunar.yaml,Passive,Baseline-PER,7,binary,mlp.model_noise,0.0,configs/base.yaml,,/cluster/home/jsanta07/fNIRS2RL/Experiment/ParticipantData,/cluster/home/jsanta07/OfflineNeuroloop,Lunar__Passive__Baseline-PER__finetune__binary__seed7__noise0.0__beta1.0__ft0.0
158,finetune,Lunar,configs/domains/lunar.yaml,Active,Baseline-PER,7,binary,mlp.model_noise,0.0,configs/base.yaml,,/cluster/home/jsanta07/fNIRS2RL/Experiment/ParticipantData,/cluster/home/jsanta07/OfflineNeuroloop,Lunar__Active__Baseline-PER__finetune__binary__seed7__noise0.0__beta1.0__ft0.0
159,finetune,Lunar,configs/domains/lunar.yaml,Passive,Prioritization-PER,7,binary,mlp.model_noise,0.0,configs/base.yaml,,/cluster/home/jsanta07/fNIRS2RL/Experiment/ParticipantData,/cluster/home/jsanta07/OfflineNeuroloop,Lunar__Passive__Prioritization-PER__finetune__binary__seed7__noise0.0__beta1.0__ft0.0
160,finetune,Lunar,configs/domains/lunar.yaml,Passive,Prioritization-PER,7,binary,mlp.model_noise,0.5,configs/base.yaml,,/cluster/home/jsanta07/fNIRS2RL/Experiment/ParticipantData,/cluster/home/jsanta07/OfflineNeuroloop,Lunar__Passive__Prioritization-PER__finetune__binary__seed7__noise0.5__beta1.0__ft0.0
161,finetune,Lunar,configs/domains/lunar.yaml,Passive,Prioritization-PER,7,binary,mlp.model_noise,1.0,configs/base.yaml,,/cluster/home/jsanta07/fNIRS2RL/Experiment/ParticipantData,/cluster/home/jsanta07/OfflineNeuroloop,Lunar__Passive__Prioritization-PER__finetune__binary__seed7__noise1.0__beta1.0__ft0.0
162,finetune,Lunar,configs/domains/lunar.yaml,Active,Prioritization-PER,7,binary,mlp.model_noise,0.0,configs/base.yaml,,/cluster/home/jsanta07/fNIRS2RL/Experiment/ParticipantData,/cluster/home/jsanta07/OfflineNeuroloop,Lunar__Active__Prioritization-PER__finetune__binary__seed7__noise0.0__beta1.0__ft0.0
163,finetune,Lunar,configs/domains/lunar.yaml,Active,Prioritization-PER,7,binary,mlp.model_noise,0.5,configs/base.yaml,,/cluster/home/jsanta07/fNIRS2RL/Experiment/ParticipantData,/cluster/home/jsanta07/OfflineNeuroloop,Lunar__Active__Prioritization-PER__finetune__binary__seed7__noise0.5__beta1.0__ft0.0
164,finetune,Lunar,configs/domains/lunar.yaml,Active,Prioritization-PER,7,binary,mlp.model_noise,1.0,configs/base.yaml,,/cluster/home/jsanta07/fNIRS2RL/Experiment/ParticipantData,/cluster/home/jsanta07/OfflineNeuroloop,Lunar__Active__Prioritization-PER__finetune__binary__seed7__noise1.0__beta1.0__ft0.0
165,finetune,Lunar,configs/domains/lunar.yaml,Passive,Q-Augmentation-PER,7,binary,mlp.model_noise,0.0,configs/base.yaml,,/cluster/home/jsanta07/fNIRS2RL/Experiment/ParticipantData,/cluster/home/jsanta07/OfflineNeuroloop,Lunar__Passive__Q-Augmentation-PER__finetune__binary__seed7__noise0.0__beta1.0__ft0.0
166,finetune,Lunar,configs/domains/lunar.yaml,Passive,Q-Augmentation-PER,7,binary,mlp.model_noise,0.5,configs/base.yaml,,/cluster/home/jsanta07/fNIRS2RL/Experiment/ParticipantData,/cluster/home/jsanta07/OfflineNeuroloop,Lunar__Passive__Q-Augmentation-PER__finetune__binary__seed7__noise0.5__beta1.0__ft0.0
167,finetune,Lunar,configs/domains/lunar.yaml,Passive,Q-Augmentation-PER,7,binary,mlp.model_noise,1.0,configs/base.yaml,,/cluster/home/jsanta07/fNIRS2RL/Experiment/ParticipantData,/cluster/home/jsanta07/OfflineNeuroloop,Lunar__Passive__Q-Augmentation-PER__finetune__binary__seed7__noise1.0__beta1.0__ft0.0
168,finetune,Lunar,configs/domains/lunar.yaml,Active,Q-Augmentation-PER,7,binary,mlp.model_noise,0.0,configs/base.yaml,,/cluster/home/jsanta07/fNIRS2RL/Experiment/ParticipantData,/cluster/home/jsanta07/OfflineNeuroloop,Lunar__Active__Q-Augmentation-PER__finetune__binary__seed7__noise0.0__beta1.0__ft0.0
169,finetune,Lunar,configs/domains/lunar.yaml,Active,Q-Augmentation-PER,7,binary,mlp.model_noise,0.5,configs/base.yaml,,/cluster/home/jsanta07/fNIRS2RL/Experiment/ParticipantData,/cluster/home/jsanta07/OfflineNeuroloop,Lunar__Active__Q-Augmentation-PER__finetune__binary__seed7__noise0.5__beta1.0__ft0.0
170,finetune,Lunar,configs/domains/lunar.yaml,Active,Q-Augmentation-PER,7,binary,mlp.model_noise,1.0,configs/base.yaml,,/cluster/home/jsanta07/fNIRS2RL/Experiment/ParticipantData,/cluster/home/jsanta07/OfflineNeuroloop,Lunar__Active__Q-Augmentation-PER__finetune__binary__seed7__noise1.0__beta1.0__ft0.0
171,finetune,Lunar,configs/domains/lunar.yaml,Passive,Reward Augmentation-PER,7,binary,mlp.model_noise,0.0,configs/base.yaml,,/cluster/home/jsanta07/fNIRS2RL/Experiment/ParticipantData,/cluster/home/jsanta07/OfflineNeuroloop,Lunar__Passive__Reward Augmentation-PER__finetune__binary__seed7__noise0.0__beta1.0__ft0.0
172,finetune,Lunar,configs/domains/lunar.yaml,Passive,Reward Augmentation-PER,7,binary,mlp.model_noise,0.5,configs/base.yaml,,/cluster/home/jsanta07/fNIRS2RL/Experiment/ParticipantData,/cluster/home/jsanta07/OfflineNeuroloop,Lunar__Passive__Reward Augmentation-PER__finetune__binary__seed7__noise0.5__beta1.0__ft0.0
173,finetune,Lunar,configs/domains/lunar.yaml,Passive,Reward Augmentation-PER,7,binary,mlp.model_noise,1.0,configs/base.yaml,,/cluster/home/jsanta07/fNIRS2RL/Experiment/ParticipantData,/cluster/home/jsanta07/OfflineNeuroloop,Lunar__Passive__Reward Augmentation-PER__finetune__binary__seed7__noise1.0__beta1.0__ft0.0
174,finetune,Lunar,configs/domains/lunar.yaml,Active,Reward Augmentation-PER,7,binary,mlp.model_noise,0.0,configs/base.yaml,,/cluster/home/jsanta07/fNIRS2RL/Experiment/ParticipantData,/cluster/home/jsanta07/OfflineNeuroloop,Lunar__Active__Reward Augmentation-PER__finetune__binary__seed7__noise0.0__beta1.0__ft0.0
175,finetune,Lunar,configs/domains/lunar.yaml,Active,Reward Augmentation-PER,7,binary,mlp.model_noise,0.5,configs/base.yaml,,/cluster/home/jsanta07/fNIRS2RL/Experiment/ParticipantData,/cluster/home/jsanta07/OfflineNeuroloop,Lunar__Active__Reward Augmentation-PER__finetune__binary__seed7__noise0.5__beta1.0__ft0.0
176,finetune,Lunar,configs/domains/lunar.yaml,Active,Reward Augmentation-PER,7,binary,mlp.model_noise,1.0,configs/base.yaml,,/cluster/home/jsanta07/fNIRS2RL/Experiment/ParticipantData,/cluster/home/jsanta07/OfflineNeuroloop,Lunar__Active__Reward Augmentation-PER__finetune__binary__seed7__noise1.0__beta1.0__ft0.0
177,finetune,Lunar,configs/domains/lunar.yaml,Passive,All-PER,7,binary,mlp.model_noise,0.0,configs/base.yaml,,/cluster/home/jsanta07/fNIRS2RL/Experiment/ParticipantData,/cluster/home/jsanta07/OfflineNeuroloop,Lunar__Passive__All-PER__finetune__binary__seed7__noise0.0__beta1.0__ft0.0
178,finetune,Lunar,configs/domains/lunar.yaml,Passive,All-PER,7,binary,mlp.model_noise,0.5,configs/base.yaml,,/cluster/home/jsanta07/fNIRS2RL/Experiment/ParticipantData,/cluster/home/jsanta07/OfflineNeuroloop,Lunar__Passive__All-PER__finetune__binary__seed7__noise0.5__beta1.0__ft0.0
179,finetune,Lunar,configs/domains/lunar.yaml,Passive,All-PER,7,binary,mlp.model_noise,1.0,configs/base.yaml,,/cluster/home/jsanta07/fNIRS2RL/Experiment/ParticipantData,/cluster/home/jsanta07/OfflineNeuroloop,Lunar__Passive__All-PER__finetune__binary__seed7__noise1.0__beta1.0__ft0.0
180,finetune,Lunar,configs/domains/lunar.yaml,Active,All-PER,7,binary,mlp.model_noise,0.0,configs/base.yaml,,/cluster/home/jsanta07/fNIRS2RL/Experiment/ParticipantData,/cluster/home/jsanta07/OfflineNeuroloop,Lunar__Active__All-PER__finetune__binary__seed7__noise0.0__beta1.0__ft0.0
181,finetune,Lunar,configs/domains/lunar.yaml,Active,All-PER,7,binary,mlp.model_noise,0.5,configs/base.yaml,,/cluster/home/jsanta07/fNIRS2RL/Experiment/ParticipantData,/cluster/home/jsanta07/OfflineNeuroloop,Lunar__Active__All-PER__finetune__binary__seed7__noise0.5__beta1.0__ft0.0
182,finetune,Lunar,configs/domains/lunar.yaml,Active,All-PER,7,binary,mlp.model_noise,1.0,configs/base.yaml,,/cluster/home/jsanta07/fNIRS2RL/Experiment/ParticipantData,/cluster/home/jsanta07/OfflineNeuroloop,Lunar__Active__All-PER__finetune__binary__seed7__noise1.0__beta1.0__ft0.0
183,finetune,Lunar,configs/domains/lunar.yaml,Passive,Baseline-PER,8,binary,mlp.model_noise,0.0,configs/base.yaml,,/cluster/home/jsanta07/fNIRS2RL/Experiment/ParticipantData,/cluster/home/jsanta07/OfflineNeuroloop,Lunar__Passive__Baseline-PER__finetune__binary__seed8__noise0.0__beta1.0__ft0.0
184,finetune,Lunar,configs/domains/lunar.yaml,Active,Baseline-PER,8,binary,mlp.model_noise,0.0,configs/base.yaml,,/cluster/home/jsanta07/fNIRS2RL/Experiment/ParticipantData,/cluster/home/jsanta07/OfflineNeuroloop,Lunar__Active__Baseline-PER__finetune__binary__seed8__noise0.0__beta1.0__ft0.0
185,finetune,Lunar,configs/domains/lunar.yaml,Passive,Prioritization-PER,8,binary,mlp.model_noise,0.0,configs/base.yaml,,/cluster/home/jsanta07/fNIRS2RL/Experiment/ParticipantData,/cluster/home/jsanta07/OfflineNeuroloop,Lunar__Passive__Prioritization-PER__finetune__binary__seed8__noise0.0__beta1.0__ft0.0
186,finetune,Lunar,configs/domains/lunar.yaml,Passive,Prioritization-PER,8,binary,mlp.model_noise,0.5,configs/base.yaml,,/cluster/home/jsanta07/fNIRS2RL/Experiment/ParticipantData,/cluster/home/jsanta07/OfflineNeuroloop,Lunar__Passive__Prioritization-PER__finetune__binary__seed8__noise0.5__beta1.0__ft0.0
187,finetune,Lunar,configs/domains/lunar.yaml,Passive,Prioritization-PER,8,binary,mlp.model_noise,1.0,configs/base.yaml,,/cluster/home/jsanta07/fNIRS2RL/Experiment/ParticipantData,/cluster/home/jsanta07/OfflineNeuroloop,Lunar__Passive__Prioritization-PER__finetune__binary__seed8__noise1.0__beta1.0__ft0.0
188,finetune,Lunar,configs/domains/lunar.yaml,Active,Prioritization-PER,8,binary,mlp.model_noise,0.0,configs/base.yaml,,/cluster/home/jsanta07/fNIRS2RL/Experiment/ParticipantData,/cluster/home/jsanta07/OfflineNeuroloop,Lunar__Active__Prioritization-PER__finetune__binary__seed8__noise0.0__beta1.0__ft0.0
189,finetune,Lunar,configs/domains/lunar.yaml,Active,Prioritization-PER,8,binary,mlp.model_noise,0.5,configs/base.yaml,,/cluster/home/jsanta07/fNIRS2RL/Experiment/ParticipantData,/cluster/home/jsanta07/OfflineNeuroloop,Lunar__Active__Prioritization-PER__finetune__binary__seed8__noise0.5__beta1.0__ft0.0
190,finetune,Lunar,configs/domains/lunar.yaml,Active,Prioritization-PER,8,binary,mlp.model_noise,1.0,configs/base.yaml,,/cluster/home/jsanta07/fNIRS2RL/Experiment/ParticipantData,/cluster/home/jsanta07/OfflineNeuroloop,Lunar__Active__Prioritization-PER__finetune__binary__seed8__noise1.0__beta1.0__ft0.0
191,finetune,Lunar,configs/domains/lunar.yaml,Passive,Q-Augmentation-PER,8,binary,mlp.model_noise,0.0,configs/base.yaml,,/cluster/home/jsanta07/fNIRS2RL/Experiment/ParticipantData,/cluster/home/jsanta07/OfflineNeuroloop,Lunar__Passive__Q-Augmentation-PER__finetune__binary__seed8__noise0.0__beta1.0__ft0.0
192,finetune,Lunar,configs/domains/lunar.yaml,Passive,Q-Augmentation-PER,8,binary,mlp.model_noise,0.5,configs/base.yaml,,/cluster/home/jsanta07/fNIRS2RL/Experiment/ParticipantData,/cluster/home/jsanta07/OfflineNeuroloop,Lunar__Passive__Q-Augmentation-PER__finetune__binary__seed8__noise0.5__beta1.0__ft0.0
193,finetune,Lunar,configs/domains/lunar.yaml,Passive,Q-Augmentation-PER,8,binary,mlp.model_noise,1.0,configs/base.yaml,,/cluster/home/jsanta07/fNIRS2RL/Experiment/ParticipantData,/cluster/home/jsanta07/OfflineNeuroloop,Lunar__Passive__Q-Augmentation-PER__finetune__binary__seed8__noise1.0__beta1.0__ft0.0
194,finetune,Lunar,configs/domains/lunar.yaml,Active,Q-Augmentation-PER,8,binary,mlp.model_noise,0.0,configs/base.yaml,,/cluster/home/jsanta07/fNIRS2RL/Experiment/ParticipantData,/cluster/home/jsanta07/OfflineNeuroloop,Lunar__Active__Q-Augmentation-PER__finetune__binary__seed8__noise0.0__beta1.0__ft0.0
195,finetune,Lunar,configs/domains/lunar.yaml,Active,Q-Augmentation-PER,8,binary,mlp.model_noise,0.5,configs/base.yaml,,/cluster/home/jsanta07/fNIRS2RL/Experiment/ParticipantData,/cluster/home/jsanta07/OfflineNeuroloop,Lunar__Active__Q-Augmentation-PER__finetune__binary__seed8__noise0.5__beta1.0__ft0.0
196,finetune,Lunar,configs/domains/lunar.yaml,Active,Q-Augmentation-PER,8,binary,mlp.model_noise,1.0,configs/base.yaml,,/cluster/home/jsanta07/fNIRS2RL/Experiment/ParticipantData,/cluster/home/jsanta07/OfflineNeuroloop,Lunar__Active__Q-Augmentation-PER__finetune__binary__seed8__noise1.0__beta1.0__ft0.0
197,finetune,Lunar,configs/domains/lunar.yaml,Passive,Reward Augmentation-PER,8,binary,mlp.model_noise,0.0,configs/base.yaml,,/cluster/home/jsanta07/fNIRS2RL/Experiment/ParticipantData,/cluster/home/jsanta07/OfflineNeuroloop,Lunar__Passive__Reward Augmentation-PER__finetune__binary__seed8__noise0.0__beta1.0__ft0.0
198,finetune,Lunar,configs/domains/lunar.yaml,Passive,Reward Augmentation-PER,8,binary,mlp.model_noise,0.5,configs/base.yaml,,/cluster/home/jsanta07/fNIRS2RL/Experiment/ParticipantData,/cluster/home/jsanta07/OfflineNeuroloop,Lunar__Passive__Reward Augmentation-PER__finetune__binary__seed8__noise0.5__beta1.0__ft0.0
199,finetune,Lunar,configs/domains/lunar.yaml,Passive,Reward Augmentation-PER,8,binary,mlp.model_noise,1.0,configs/base.yaml,,/cluster/home/jsanta07/fNIRS2RL/Experiment/ParticipantData,/cluster/home/jsanta07/OfflineNeuroloop,Lunar__Passive__Reward Augmentation-PER__finetune__binary__seed8__noise1.0__beta1.0__ft0.0
200,finetune,Lunar,configs/domains/lunar.yaml,Active,Reward Augmentation-PER,8,binary,mlp.model_noise,0.0,configs/base.yaml,,/cluster/home/jsanta07/fNIRS2RL/Experiment/ParticipantData,/cluster/home/jsanta07/OfflineNeuroloop,Lunar__Active__Reward Augmentation-PER__finetune__binary__seed8__noise0.0__beta1.0__ft0.0
201,finetune,Lunar,configs/domains/lunar.yaml,Active,Reward Augmentation-PER,8,binary,mlp.model_noise,0.5,configs/base.yaml,,/cluster/home/jsanta07/fNIRS2RL/Experiment/ParticipantData,/cluster/home/jsanta07/OfflineNeuroloop,Lunar__Active__Reward Augmentation-PER__finetune__binary__seed8__noise0.5__beta1.0__ft0.0
202,finetune,Lunar,configs/domains/lunar.yaml,Active,Reward Augmentation-PER,8,binary,mlp.model_noise,1.0,configs/base.yaml,,/cluster/home/jsanta07/fNIRS2RL/Experiment/ParticipantData,/cluster/home/jsanta07/OfflineNeuroloop,Lunar__Active__Reward Augmentation-PER__finetune__binary__seed8__noise1.0__beta1.0__ft0.0
203,finetune,Lunar,configs/domains/lunar.yaml,Passive,All-PER,8,binary,mlp.model_noise,0.0,configs/base.yaml,,/cluster/home/jsanta07/fNIRS2RL/Experiment/ParticipantData,/cluster/home/jsanta07/OfflineNeuroloop,Lunar__Passive__All-PER__finetune__binary__seed8__noise0.0__beta1.0__ft0.0
204,finetune,Lunar,configs/domains/lunar.yaml,Passive,All-PER,8,binary,mlp.model_noise,0.5,configs/base.yaml,,/cluster/home/jsanta07/fNIRS2RL/Experiment/ParticipantData,/cluster/home/jsanta07/OfflineNeuroloop,Lunar__Passive__All-PER__finetune__binary__seed8__noise0.5__beta1.0__ft0.0
205,finetune,Lunar,configs/domains/lunar.yaml,Passive,All-PER,8,binary,mlp.model_noise,1.0,configs/base.yaml,,/cluster/home/jsanta07/fNIRS2RL/Experiment/ParticipantData,/cluster/home/jsanta07/OfflineNeuroloop,Lunar__Passive__All-PER__finetune__binary__seed8__noise1.0__beta1.0__ft0.0
206,finetune,Lunar,configs/domains/lunar.yaml,Active,All-PER,8,binary,mlp.model_noise,0.0,configs/base.yaml,,/cluster/home/jsanta07/fNIRS2RL/Experiment/ParticipantData,/cluster/home/jsanta07/OfflineNeuroloop,Lunar__Active__All-PER__finetune__binary__seed8__noise0.0__beta1.0__ft0.0
207,finetune,Lunar,configs/domains/lunar.yaml,Active,All-PER,8,binary,mlp.model_noise,0.5,configs/base.yaml,,/cluster/home/jsanta07/fNIRS2RL/Experiment/ParticipantData,/cluster/home/jsanta07/OfflineNeuroloop,Lunar__Active__All-PER__finetune__binary__seed8__noise0.5__beta1.0__ft0.0
208,finetune,Lunar,configs/domains/lunar.yaml,Active,All-PER,8,binary,mlp.model_noise,1.0,configs/base.yaml,,/cluster/home/jsanta07/fNIRS2RL/Experiment/ParticipantData,/cluster/home/jsanta07/OfflineNeuroloop,Lunar__Active__All-PER__finetune__binary__seed8__noise1.0__beta1.0__ft0.0
209,finetune,Lunar,configs/domains/lunar.yaml,Passive,Baseline-PER,9,binary,mlp.model_noise,0.0,configs/base.yaml,,/cluster/home/jsanta07/fNIRS2RL/Experiment/ParticipantData,/cluster/home/jsanta07/OfflineNeuroloop,Lunar__Passive__Baseline-PER__finetune__binary__seed9__noise0.0__beta1.0__ft0.0
210,finetune,Lunar,configs/domains/lunar.yaml,Active,Baseline-PER,9,binary,mlp.model_noise,0.0,configs/base.yaml,,/cluster/home/jsanta07/fNIRS2RL/Experiment/ParticipantData,/cluster/home/jsanta07/OfflineNeuroloop,Lunar__Active__Baseline-PER__finetune__binary__seed9__noise0.0__beta1.0__ft0.0
211,finetune,Lunar,configs/domains/lunar.yaml,Passive,Prioritization-PER,9,binary,mlp.model_noise,0.0,configs/base.yaml,,/cluster/home/jsanta07/fNIRS2RL/Experiment/ParticipantData,/cluster/home/jsanta07/OfflineNeuroloop,Lunar__Passive__Prioritization-PER__finetune__binary__seed9__noise0.0__beta1.0__ft0.0
212,finetune,Lunar,configs/domains/lunar.yaml,Passive,Prioritization-PER,9,binary,mlp.model_noise,0.5,configs/base.yaml,,/cluster/home/jsanta07/fNIRS2RL/Experiment/ParticipantData,/cluster/home/jsanta07/OfflineNeuroloop,Lunar__Passive__Prioritization-PER__finetune__binary__seed9__noise0.5__beta1.0__ft0.0
213,finetune,Lunar,configs/domains/lunar.yaml,Passive,Prioritization-PER,9,binary,mlp.model_noise,1.0,configs/base.yaml,,/cluster/home/jsanta07/fNIRS2RL/Experiment/ParticipantData,/cluster/home/jsanta07/OfflineNeuroloop,Lunar__Passive__Prioritization-PER__finetune__binary__seed9__noise1.0__beta1.0__ft0.0
214,finetune,Lunar,configs/domains/lunar.yaml,Active,Prioritization-PER,9,binary,mlp.model_noise,0.0,configs/base.yaml,,/cluster/home/jsanta07/fNIRS2RL/Experiment/ParticipantData,/cluster/home/jsanta07/OfflineNeuroloop,Lunar__Active__Prioritization-PER__finetune__binary__seed9__noise0.0__beta1.0__ft0.0
215,finetune,Lunar,configs/domains/lunar.yaml,Active,Prioritization-PER,9,binary,mlp.model_noise,0.5,configs/base.yaml,,/cluster/home/jsanta07/fNIRS2RL/Experiment/ParticipantData,/cluster/home/jsanta07/OfflineNeuroloop,Lunar__Active__Prioritization-PER__finetune__binary__seed9__noise0.5__beta1.0__ft0.0
216,finetune,Lunar,configs/domains/lunar.yaml,Active,Prioritization-PER,9,binary,mlp.model_noise,1.0,configs/base.yaml,,/cluster/home/jsanta07/fNIRS2RL/Experiment/ParticipantData,/cluster/home/jsanta07/OfflineNeuroloop,Lunar__Active__Prioritization-PER__finetune__binary__seed9__noise1.0__beta1.0__ft0.0
217,finetune,Lunar,configs/domains/lunar.yaml,Passive,Q-Augmentation-PER,9,binary,mlp.model_noise,0.0,configs/base.yaml,,/cluster/home/jsanta07/fNIRS2RL/Experiment/ParticipantData,/cluster/home/jsanta07/OfflineNeuroloop,Lunar__Passive__Q-Augmentation-PER__finetune__binary__seed9__noise0.0__beta1.0__ft0.0
218,finetune,Lunar,configs/domains/lunar.yaml,Passive,Q-Augmentation-PER,9,binary,mlp.model_noise,0.5,configs/base.yaml,,/cluster/home/jsanta07/fNIRS2RL/Experiment/ParticipantData,/cluster/home/jsanta07/OfflineNeuroloop,Lunar__Passive__Q-Augmentation-PER__finetune__binary__seed9__noise0.5__beta1.0__ft0.0
219,finetune,Lunar,configs/domains/lunar.yaml,Passive,Q-Augmentation-PER,9,binary,mlp.model_noise,1.0,configs/base.yaml,,/cluster/home/jsanta07/fNIRS2RL/Experiment/ParticipantData,/cluster/home/jsanta07/OfflineNeuroloop,Lunar__Passive__Q-Augmentation-PER__finetune__binary__seed9__noise1.0__beta1.0__ft0.0
220,finetune,Lunar,configs/domains/lunar.yaml,Active,Q-Augmentation-PER,9,binary,mlp.model_noise,0.0,configs/base.yaml,,/cluster/home/jsanta07/fNIRS2RL/Experiment/ParticipantData,/cluster/home/jsanta07/OfflineNeuroloop,Lunar__Active__Q-Augmentation-PER__finetune__binary__seed9__noise0.0__beta1.0__ft0.0
221,finetune,Lunar,configs/domains/lunar.yaml,Active,Q-Augmentation-PER,9,binary,mlp.model_noise,0.5,configs/base.yaml,,/cluster/home/jsanta07/fNIRS2RL/Experiment/ParticipantData,/cluster/home/jsanta07/OfflineNeuroloop,Lunar__Active__Q-Augmentation-PER__finetune__binary__seed9__noise0.5__beta1.0__ft0.0
222,finetune,Lunar,configs/domains/lunar.yaml,Active,Q-Augmentation-PER,9,binary,mlp.model_noise,1.0,configs/base.yaml,,/cluster/home/jsanta07/fNIRS2RL/Experiment/ParticipantData,/cluster/home/jsanta07/OfflineNeuroloop,Lunar__Active__Q-Augmentation-PER__finetune__binary__seed9__noise1.0__beta1.0__ft0.0
223,finetune,Lunar,configs/domains/lunar.yaml,Passive,Reward Augmentation-PER,9,binary,mlp.model_noise,0.0,configs/base.yaml,,/cluster/home/jsanta07/fNIRS2RL/Experiment/ParticipantData,/cluster/home/jsanta07/OfflineNeuroloop,Lunar__Passive__Reward Augmentation-PER__finetune__binary__seed9__noise0.0__beta1.0__ft0.0
224,finetune,Lunar,configs/domains/lunar.yaml,Passive,Reward Augmentation-PER,9,binary,mlp.model_noise,0.5,configs/base.yaml,,/cluster/home/jsanta07/fNIRS2RL/Experiment/ParticipantData,/cluster/home/jsanta07/OfflineNeuroloop,Lunar__Passive__Reward Augmentation-PER__finetune__binary__seed9__noise0.5__beta1.0__ft0.0
225,finetune,Lunar,configs/domains/lunar.yaml,Passive,Reward Augmentation-PER,9,binary,mlp.model_noise,1.0,configs/base.yaml,,/cluster/home/jsanta07/fNIRS2RL/Experiment/ParticipantData,/cluster/home/jsanta07/OfflineNeuroloop,Lunar__Passive__Reward Augmentation-PER__finetune__binary__seed9__noise1.0__beta1.0__ft0.0
226,finetune,Lunar,configs/domains/lunar.yaml,Active,Reward Augmentation-PER,9,binary,mlp.model_noise,0.0,configs/base.yaml,,/cluster/home/jsanta07/fNIRS2RL/Experiment/ParticipantData,/cluster/home/jsanta07/OfflineNeuroloop,Lunar__Active__Reward Augmentation-PER__finetune__binary__seed9__noise0.0__beta1.0__ft0.0
227,finetune,Lunar,configs/domains/lunar.yaml,Active,Reward Augmentation-PER,9,binary,mlp.model_noise,0.5,configs/base.yaml,,/cluster/home/jsanta07/fNIRS2RL/Experiment/ParticipantData,/cluster/home/jsanta07/OfflineNeuroloop,Lunar__Active__Reward Augmentation-PER__finetune__binary__seed9__noise0.5__beta1.0__ft0.0
228,finetune,Lunar,configs/domains/lunar.yaml,Active,Reward Augmentation-PER,9,binary,mlp.model_noise,1.0,configs/base.yaml,,/cluster/home/jsanta07/fNIRS2RL/Experiment/ParticipantData,/cluster/home/jsanta07/OfflineNeuroloop,Lunar__Active__Reward Augmentation-PER__finetune__binary__seed9__noise1.0__beta1.0__ft0.0
229,finetune,Lunar,configs/domains/lunar.yaml,Passive,All-PER,9,binary,mlp.model_noise,0.0,configs/base.yaml,,/cluster/home/jsanta07/fNIRS2RL/Experiment/ParticipantData,/cluster/home/jsanta07/OfflineNeuroloop,Lunar__Passive__All-PER__finetune__binary__seed9__noise0.0__beta1.0__ft0.0
230,finetune,Lunar,configs/domains/lunar.yaml,Passive,All-PER,9,binary,mlp.model_noise,0.5,configs/base.yaml,,/cluster/home/jsanta07/fNIRS2RL/Experiment/ParticipantData,/cluster/home/jsanta07/OfflineNeuroloop,Lunar__Passive__All-PER__finetune__binary__seed9__noise0.5__beta1.0__ft0.0
231,finetune,Lunar,configs/domains/lunar.yaml,Passive,All-PER,9,binary,mlp.model_noise,1.0,configs/base.yaml,,/cluster/home/jsanta07/fNIRS2RL/Experiment/ParticipantData,/cluster/home/jsanta07/OfflineNeuroloop,Lunar__Passive__All-PER__finetune__binary__seed9__noise1.0__beta1.0__ft0.0
232,finetune,Lunar,configs/domains/lunar.yaml,Active,All-PER,9,binary,mlp.model_noise,0.0,configs/base.yaml,,/cluster/home/jsanta07/fNIRS2RL/Experiment/ParticipantData,/cluster/home/jsanta07/OfflineNeuroloop,Lunar__Active__All-PER__finetune__binary__seed9__noise0.0__beta1.0__ft0.0
233,finetune,Lunar,configs/domains/lunar.yaml,Active,All-PER,9,binary,mlp.model_noise,0.5,configs/base.yaml,,/cluster/home/jsanta07/fNIRS2RL/Experiment/ParticipantData,/cluster/home/jsanta07/OfflineNeuroloop,Lunar__Active__All-PER__finetune__binary__seed9__noise0.5__beta1.0__ft0.0
234,finetune,Lunar,configs/domains/lunar.yaml,Active,All-PER,9,binary,mlp.model_noise,1.0,configs/base.yaml,,/cluster/home/jsanta07/fNIRS2RL/Experiment/ParticipantData,/cluster/home/jsanta07/OfflineNeuroloop,Lunar__Active__All-PER__finetune__binary__seed9__noise1.0__beta1.0__ft0.0
235,finetune,Lunar,configs/domains/lunar.yaml,Passive,Baseline-PER,10,binary,mlp.model_noise,0.0,configs/base.yaml,,/cluster/home/jsanta07/fNIRS2RL/Experiment/ParticipantData,/cluster/home/jsanta07/OfflineNeuroloop,Lunar__Passive__Baseline-PER__finetune__binary__seed10__noise0.0__beta1.0__ft0.0
236,finetune,Lunar,configs/domains/lunar.yaml,Active,Baseline-PER,10,binary,mlp.model_noise,0.0,configs/base.yaml,,/cluster/home/jsanta07/fNIRS2RL/Experiment/ParticipantData,/cluster/home/jsanta07/OfflineNeuroloop,Lunar__Active__Baseline-PER__finetune__binary__seed10__noise0.0__beta1.0__ft0.0
237,finetune,Lunar,configs/domains/lunar.yaml,Passive,Prioritization-PER,10,binary,mlp.model_noise,0.0,configs/base.yaml,,/cluster/home/jsanta07/fNIRS2RL/Experiment/ParticipantData,/cluster/home/jsanta07/OfflineNeuroloop,Lunar__Passive__Prioritization-PER__finetune__binary__seed10__noise0.0__beta1.0__ft0.0
238,finetune,Lunar,configs/domains/lunar.yaml,Passive,Prioritization-PER,10,binary,mlp.model_noise,0.5,configs/base.yaml,,/cluster/home/jsanta07/fNIRS2RL/Experiment/ParticipantData,/cluster/home/jsanta07/OfflineNeuroloop,Lunar__Passive__Prioritization-PER__finetune__binary__seed10__noise0.5__beta1.0__ft0.0
239,finetune,Lunar,configs/domains/lunar.yaml,Passive,Prioritization-PER,10,binary,mlp.model_noise,1.0,configs/base.yaml,,/cluster/home/jsanta07/fNIRS2RL/Experiment/ParticipantData,/cluster/home/jsanta07/OfflineNeuroloop,Lunar__Passive__Prioritization-PER__finetune__binary__seed10__noise1.0__beta1.0__ft0.0
240,finetune,Lunar,configs/domains/lunar.yaml,Active,Prioritization-PER,10,binary,mlp.model_noise,0.0,configs/base.yaml,,/cluster/home/jsanta07/fNIRS2RL/Experiment/ParticipantData,/cluster/home/jsanta07/OfflineNeuroloop,Lunar__Active__Prioritization-PER__finetune__binary__seed10__noise0.0__beta1.0__ft0.0
241,finetune,Lunar,configs/domains/lunar.yaml,Active,Prioritization-PER,10,binary,mlp.model_noise,0.5,configs/base.yaml,,/cluster/home/jsanta07/fNIRS2RL/Experiment/ParticipantData,/cluster/home/jsanta07/OfflineNeuroloop,Lunar__Active__Prioritization-PER__finetune__binary__seed10__noise0.5__beta1.0__ft0.0
242,finetune,Lunar,configs/domains/lunar.yaml,Active,Prioritization-PER,10,binary,mlp.model_noise,1.0,configs/base.yaml,,/cluster/home/jsanta07/fNIRS2RL/Experiment/ParticipantData,/cluster/home/jsanta07/OfflineNeuroloop,Lunar__Active__Prioritization-PER__finetune__binary__seed10__noise1.0__beta1.0__ft0.0
243,finetune,Lunar,configs/domains/lunar.yaml,Passive,Q-Augmentation-PER,10,binary,mlp.model_noise,0.0,configs/base.yaml,,/cluster/home/jsanta07/fNIRS2RL/Experiment/ParticipantData,/cluster/home/jsanta07/OfflineNeuroloop,Lunar__Passive__Q-Augmentation-PER__finetune__binary__seed10__noise0.0__beta1.0__ft0.0
244,finetune,Lunar,configs/domains/lunar.yaml,Passive,Q-Augmentation-PER,10,binary,mlp.model_noise,0.5,configs/base.yaml,,/cluster/home/jsanta07/fNIRS2RL/Experiment/ParticipantData,/cluster/home/jsanta07/OfflineNeuroloop,Lunar__Passive__Q-Augmentation-PER__finetune__binary__seed10__noise0.5__beta1.0__ft0.0
245,finetune,Lunar,configs/domains/lunar.yaml,Passive,Q-Augmentation-PER,10,binary,mlp.model_noise,1.0,configs/base.yaml,,/cluster/home/jsanta07/fNIRS2RL/Experiment/ParticipantData,/cluster/home/jsanta07/OfflineNeuroloop,Lunar__Passive__Q-Augmentation-PER__finetune__binary__seed10__noise1.0__beta1.0__ft0.0
246,finetune,Lunar,configs/domains/lunar.yaml,Active,Q-Augmentation-PER,10,binary,mlp.model_noise,0.0,configs/base.yaml,,/cluster/home/jsanta07/fNIRS2RL/Experiment/ParticipantData,/cluster/home/jsanta07/OfflineNeuroloop,Lunar__Active__Q-Augmentation-PER__finetune__binary__seed10__noise0.0__beta1.0__ft0.0
247,finetune,Lunar,configs/domains/lunar.yaml,Active,Q-Augmentation-PER,10,binary,mlp.model_noise,0.5,configs/base.yaml,,/cluster/home/jsanta07/fNIRS2RL/Experiment/ParticipantData,/cluster/home/jsanta07/OfflineNeuroloop,Lunar__Active__Q-Augmentation-PER__finetune__binary__seed10__noise0.5__beta1.0__ft0.0
248,finetune,Lunar,configs/domains/lunar.yaml,Active,Q-Augmentation-PER,10,binary,mlp.model_noise,1.0,configs/base.yaml,,/cluster/home/jsanta07/fNIRS2RL/Experiment/ParticipantData,/cluster/home/jsanta07/OfflineNeuroloop,Lunar__Active__Q-Augmentation-PER__finetune__binary__seed10__noise1.0__beta1.0__ft0.0
249,finetune,Lunar,configs/domains/lunar.yaml,Passive,Reward Augmentation-PER,10,binary,mlp.model_noise,0.0,configs/base.yaml,,/cluster/home/jsanta07/fNIRS2RL/Experiment/ParticipantData,/cluster/home/jsanta07/OfflineNeuroloop,Lunar__Passive__Reward Augmentation-PER__finetune__binary__seed10__noise0.0__beta1.0__ft0.0
250,finetune,Lunar,configs/domains/lunar.yaml,Passive,Reward Augmentation-PER,10,binary,mlp.model_noise,0.5,configs/base.yaml,,/cluster/home/jsanta07/fNIRS2RL/Experiment/ParticipantData,/cluster/home/jsanta07/OfflineNeuroloop,Lunar__Passive__Reward Augmentation-PER__finetune__binary__seed10__noise0.5__beta1.0__ft0.0
251,finetune,Lunar,configs/domains/lunar.yaml,Passive,Reward Augmentation-PER,10,binary,mlp.model_noise,1.0,configs/base.yaml,,/cluster/home/jsanta07/fNIRS2RL/Experiment/ParticipantData,/cluster/home/jsanta07/OfflineNeuroloop,Lunar__Passive__Reward Augmentation-PER__finetune__binary__seed10__noise1.0__beta1.0__ft0.0
252,finetune,Lunar,configs/domains/lunar.yaml,Active,Reward Augmentation-PER,10,binary,mlp.model_noise,0.0,configs/base.yaml,,/cluster/home/jsanta07/fNIRS2RL/Experiment/ParticipantData,/cluster/home/jsanta07/OfflineNeuroloop,Lunar__Active__Reward Augmentation-PER__finetune__binary__seed10__noise0.0__beta1.0__ft0.0
253,finetune,Lunar,configs/domains/lunar.yaml,Active,Reward Augmentation-PER,10,binary,mlp.model_noise,0.5,configs/base.yaml,,/cluster/home/jsanta07/fNIRS2RL/Experiment/ParticipantData,/cluster/home/jsanta07/OfflineNeuroloop,Lunar__Active__Reward Augmentation-PER__finetune__binary__seed10__noise0.5__beta1.0__ft0.0
254,finetune,Lunar,configs/domains/lunar.yaml,Active,Reward Augmentation-PER,10,binary,mlp.model_noise,1.0,configs/base.yaml,,/cluster/home/jsanta07/fNIRS2RL/Experiment/ParticipantData,/cluster/home/jsanta07/OfflineNeuroloop,Lunar__Active__Reward Augmentation-PER__finetune__binary__seed10__noise1.0__beta1.0__ft0.0
255,finetune,Lunar,configs/domains/lunar.yaml,Passive,All-PER,10,binary,mlp.model_noise,0.0,configs/base.yaml,,/cluster/home/jsanta07/fNIRS2RL/Experiment/ParticipantData,/cluster/home/jsanta07/OfflineNeuroloop,Lunar__Passive__All-PER__finetune__binary__seed10__noise0.0__beta1.0__ft0.0
256,finetune,Lunar,configs/domains/lunar.yaml,Passive,All-PER,10,binary,mlp.model_noise,0.5,configs/base.yaml,,/cluster/home/jsanta07/fNIRS2RL/Experiment/ParticipantData,/cluster/home/jsanta07/OfflineNeuroloop,Lunar__Passive__All-PER__finetune__binary__seed10__noise0.5__beta1.0__ft0.0
257,finetune,Lunar,configs/domains/lunar.yaml,Passive,All-PER,10,binary,mlp.model_noise,1.0,configs/base.yaml,,/cluster/home/jsanta07/fNIRS2RL/Experiment/ParticipantData,/cluster/home/jsanta07/OfflineNeuroloop,Lunar__Passive__All-PER__finetune__binary__seed10__noise1.0__beta1.0__ft0.0
258,finetune,Lunar,configs/domains/lunar.yaml,Active,All-PER,10,binary,mlp.model_noise,0.0,configs/base.yaml,,/cluster/home/jsanta07/fNIRS2RL/Experiment/ParticipantData,/cluster/home/jsanta07/OfflineNeuroloop,Lunar__Active__All-PER__finetune__binary__seed10__noise0.0__beta1.0__ft0.0
259,finetune,Lunar,configs/domains/lunar.yaml,Active,All-PER,10,binary,mlp.model_noise,0.5,configs/base.yaml,,/cluster/home/jsanta07/fNIRS2RL/Experiment/ParticipantData,/cluster/home/jsanta07/OfflineNeuroloop,Lunar__Active__All-PER__finetune__binary__seed10__noise0.5__beta1.0__ft0.0
260,finetune,Lunar,configs/domains/lunar.yaml,Active,All-PER,10,binary,mlp.model_noise,1.0,configs/base.yaml,,/cluster/home/jsanta07/fNIRS2RL/Experiment/ParticipantData,/cluster/home/jsanta07/OfflineNeuroloop,Lunar__Active__All-PER__finetune__binary__seed10__noise1.0__beta1.0__ft0.0
261,finetune,Lunar,configs/domains/lunar.yaml,Passive,Baseline-PER,1,binary,neural.beta,0.5,configs/base.yaml,,/cluster/home/jsanta07/fNIRS2RL/Experiment/ParticipantData,/cluster/home/jsanta07/OfflineNeuroloop,Lunar__Passive__Baseline-PER__finetune__binary__seed1__noise0.0__beta0.5__ft0.0
262,finetune,Lunar,configs/domains/lunar.yaml,Passive,Baseline-PER,1,binary,neural.beta,1.0,configs/base.yaml,,/cluster/home/jsanta07/fNIRS2RL/Experiment/ParticipantData,/cluster/home/jsanta07/OfflineNeuroloop,Lunar__Passive__Baseline-PER__finetune__binary__seed1__noise0.0__beta1.0__ft0.0
263,finetune,Lunar,configs/domains/lunar.yaml,Passive,Baseline-PER,1,binary,neural.beta,5.0,configs/base.yaml,,/cluster/home/jsanta07/fNIRS2RL/Experiment/ParticipantData,/cluster/home/jsanta07/OfflineNeuroloop,Lunar__Passive__Baseline-PER__finetune__binary__seed1__noise0.0__beta5.0__ft0.0
264,finetune,Lunar,configs/domains/lunar.yaml,Active,Baseline-PER,1,binary,neural.beta,0.5,configs/base.yaml,,/cluster/home/jsanta07/fNIRS2RL/Experiment/ParticipantData,/cluster/home/jsanta07/OfflineNeuroloop,Lunar__Active__Baseline-PER__finetune__binary__seed1__noise0.0__beta0.5__ft0.0
265,finetune,Lunar,configs/domains/lunar.yaml,Active,Baseline-PER,1,binary,neural.beta,1.0,configs/base.yaml,,/cluster/home/jsanta07/fNIRS2RL/Experiment/ParticipantData,/cluster/home/jsanta07/OfflineNeuroloop,Lunar__Active__Baseline-PER__finetune__binary__seed1__noise0.0__beta1.0__ft0.0
266,finetune,Lunar,configs/domains/lunar.yaml,Active,Baseline-PER,1,binary,neural.beta,5.0,configs/base.yaml,,/cluster/home/jsanta07/fNIRS2RL/Experiment/ParticipantData,/cluster/home/jsanta07/OfflineNeuroloop,Lunar__Active__Baseline-PER__finetune__binary__seed1__noise0.0__beta5.0__ft0.0
267,finetune,Lunar,configs/domains/lunar.yaml,Passive,Prioritization-PER,1,binary,neural.beta,0.5,configs/base.yaml,,/cluster/home/jsanta07/fNIRS2RL/Experiment/ParticipantData,/cluster/home/jsanta07/OfflineNeuroloop,Lunar__Passive__Prioritization-PER__finetune__binary__seed1__noise0.0__beta0.5__ft0.0
268,finetune,Lunar,configs/domains/lunar.yaml,Passive,Prioritization-PER,1,binary,neural.beta,1.0,configs/base.yaml,,/cluster/home/jsanta07/fNIRS2RL/Experiment/ParticipantData,/cluster/home/jsanta07/OfflineNeuroloop,Lunar__Passive__Prioritization-PER__finetune__binary__seed1__noise0.0__beta1.0__ft0.0
269,finetune,Lunar,configs/domains/lunar.yaml,Passive,Prioritization-PER,1,binary,neural.beta,5.0,configs/base.yaml,,/cluster/home/jsanta07/fNIRS2RL/Experiment/ParticipantData,/cluster/home/jsanta07/OfflineNeuroloop,Lunar__Passive__Prioritization-PER__finetune__binary__seed1__noise0.0__beta5.0__ft0.0
270,finetune,Lunar,configs/domains/lunar.yaml,Active,Prioritization-PER,1,binary,neural.beta,0.5,configs/base.yaml,,/cluster/home/jsanta07/fNIRS2RL/Experiment/ParticipantData,/cluster/home/jsanta07/OfflineNeuroloop,Lunar__Active__Prioritization-PER__finetune__binary__seed1__noise0.0__beta0.5__ft0.0
271,finetune,Lunar,configs/domains/lunar.yaml,Active,Prioritization-PER,1,binary,neural.beta,1.0,configs/base.yaml,,/cluster/home/jsanta07/fNIRS2RL/Experiment/ParticipantData,/cluster/home/jsanta07/OfflineNeuroloop,Lunar__Active__Prioritization-PER__finetune__binary__seed1__noise0.0__beta1.0__ft0.0
272,finetune,Lunar,configs/domains/lunar.yaml,Active,Prioritization-PER,1,binary,neural.beta,5.0,configs/base.yaml,,/cluster/home/jsanta07/fNIRS2RL/Experiment/ParticipantData,/cluster/home/jsanta07/OfflineNeuroloop,Lunar__Active__Prioritization-PER__finetune__binary__seed1__noise0.0__beta5.0__ft0.0
273,finetune,Lunar,configs/domains/lunar.yaml,Passive,Q-Augmentation-PER,1,binary,neural.beta,0.5,configs/base.yaml,,/cluster/home/jsanta07/fNIRS2RL/Experiment/ParticipantData,/cluster/home/jsanta07/OfflineNeuroloop,Lunar__Passive__Q-Augmentation-PER__finetune__binary__seed1__noise0.0__beta0.5__ft0.0
274,finetune,Lunar,configs/domains/lunar.yaml,Passive,Q-Augmentation-PER,1,binary,neural.beta,1.0,configs/base.yaml,,/cluster/home/jsanta07/fNIRS2RL/Experiment/ParticipantData,/cluster/home/jsanta07/OfflineNeuroloop,Lunar__Passive__Q-Augmentation-PER__finetune__binary__seed1__noise0.0__beta1.0__ft0.0
275,finetune,Lunar,configs/domains/lunar.yaml,Passive,Q-Augmentation-PER,1,binary,neural.beta,5.0,configs/base.yaml,,/cluster/home/jsanta07/fNIRS2RL/Experiment/ParticipantData,/cluster/home/jsanta07/OfflineNeuroloop,Lunar__Passive__Q-Augmentation-PER__finetune__binary__seed1__noise0.0__beta5.0__ft0.0
276,finetune,Lunar,configs/domains/lunar.yaml,Active,Q-Augmentation-PER,1,binary,neural.beta,0.5,configs/base.yaml,,/cluster/home/jsanta07/fNIRS2RL/Experiment/ParticipantData,/cluster/home/jsanta07/OfflineNeuroloop,Lunar__Active__Q-Augmentation-PER__finetune__binary__seed1__noise0.0__beta0.5__ft0.0
277,finetune,Lunar,configs/domains/lunar.yaml,Active,Q-Augmentation-PER,1,binary,neural.beta,1.0,configs/base.yaml,,/cluster/home/jsanta07/fNIRS2RL/Experiment/ParticipantData,/cluster/home/jsanta07/OfflineNeuroloop,Lunar__Active__Q-Augmentation-PER__finetune__binary__seed1__noise0.0__beta1.0__ft0.0
278,finetune,Lunar,configs/domains/lunar.yaml,Active,Q-Augmentation-PER,1,binary,neural.beta,5.0,configs/base.yaml,,/cluster/home/jsanta07/fNIRS2RL/Experiment/ParticipantData,/cluster/home/jsanta07/OfflineNeuroloop,Lunar__Active__Q-Augmentation-PER__finetune__binary__seed1__noise0.0__beta5.0__ft0.0
279,finetune,Lunar,configs/domains/lunar.yaml,Passive,Reward Augmentation-PER,1,binary,neural.beta,0.5,configs/base.yaml,,/cluster/home/jsanta07/fNIRS2RL/Experiment/ParticipantData,/cluster/home/jsanta07/OfflineNeuroloop,Lunar__Passive__Reward Augmentation-PER__finetune__binary__seed1__noise0.0__beta0.5__ft0.0
280,finetune,Lunar,configs/domains/lunar.yaml,Passive,Reward Augmentation-PER,1,binary,neural.beta,1.0,configs/base.yaml,,/cluster/home/jsanta07/fNIRS2RL/Experiment/ParticipantData,/cluster/home/jsanta07/OfflineNeuroloop,Lunar__Passive__Reward Augmentation-PER__finetune__binary__seed1__noise0.0__beta1.0__ft0.0
281,finetune,Lunar,configs/domains/lunar.yaml,Passive,Reward Augmentation-PER,1,binary,neural.beta,5.0,configs/base.yaml,,/cluster/home/jsanta07/fNIRS2RL/Experiment/ParticipantData,/cluster/home/jsanta07/OfflineNeuroloop,Lunar__Passive__Reward Augmentation-PER__finetune__binary__seed1__noise0.0__beta5.0__ft0.0
282,finetune,Lunar,configs/domains/lunar.yaml,Active,Reward Augmentation-PER,1,binary,neural.beta,0.5,configs/base.yaml,,/cluster/home/jsanta07/fNIRS2RL/Experiment/ParticipantData,/cluster/home/jsanta07/OfflineNeuroloop,Lunar__Active__Reward Augmentation-PER__finetune__binary__seed1__noise0.0__beta0.5__ft0.0
283,finetune,Lunar,configs/domains/lunar.yaml,Active,Reward Augmentation-PER,1,binary,neural.beta,1.0,configs/base.yaml,,/cluster/home/jsanta07/fNIRS2RL/Experiment/ParticipantData,/cluster/home/jsanta07/OfflineNeuroloop,Lunar__Active__Reward Augmentation-PER__finetune__binary__seed1__noise0.0__beta1.0__ft0.0
284,finetune,Lunar,configs/domains/lunar.yaml,Active,Reward Augmentation-PER,1,binary,neural.beta,5.0,configs/base.yaml,,/cluster/home/jsanta07/fNIRS2RL/Experiment/ParticipantData,/cluster/home/jsanta07/OfflineNeuroloop,Lunar__Active__Reward Augmentation-PER__finetune__binary__seed1__noise0.0__beta5.0__ft0.0
285,finetune,Lunar,configs/domains/lunar.yaml,Passive,All-PER,1,binary,neural.beta,0.5,configs/base.yaml,,/cluster/home/jsanta07/fNIRS2RL/Experiment/ParticipantData,/cluster/home/jsanta07/OfflineNeuroloop,Lunar__Passive__All-PER__finetune__binary__seed1__noise0.0__beta0.5__ft0.0
286,finetune,Lunar,configs/domains/lunar.yaml,Passive,All-PER,1,binary,neural.beta,1.0,configs/base.yaml,,/cluster/home/jsanta07/fNIRS2RL/Experiment/ParticipantData,/cluster/home/jsanta07/OfflineNeuroloop,Lunar__Passive__All-PER__finetune__binary__seed1__noise0.0__beta1.0__ft0.0
287,finetune,Lunar,configs/domains/lunar.yaml,Passive,All-PER,1,binary,neural.beta,5.0,configs/base.yaml,,/cluster/home/jsanta07/fNIRS2RL/Experiment/ParticipantData,/cluster/home/jsanta07/OfflineNeuroloop,Lunar__Passive__All-PER__finetune__binary__seed1__noise0.0__beta5.0__ft0.0
288,finetune,Lunar,configs/domains/lunar.yaml,Active,All-PER,1,binary,neural.beta,0.5,configs/base.yaml,,/cluster/home/jsanta07/fNIRS2RL/Experiment/ParticipantData,/cluster/home/jsanta07/OfflineNeuroloop,Lunar__Active__All-PER__finetune__binary__seed1__noise0.0__beta0.5__ft0.0
289,finetune,Lunar,configs/domains/lunar.yaml,Active,All-PER,1,binary,neural.beta,1.0,configs/base.yaml,,/cluster/home/jsanta07/fNIRS2RL/Experiment/ParticipantData,/cluster/home/jsanta07/OfflineNeuroloop,Lunar__Active__All-PER__finetune__binary__seed1__noise0.0__beta1.0__ft0.0
290,finetune,Lunar,configs/domains/lunar.yaml,Active,All-PER,1,binary,neural.beta,5.0,configs/base.yaml,,/cluster/home/jsanta07/fNIRS2RL/Experiment/ParticipantData,/cluster/home/jsanta07/OfflineNeuroloop,Lunar__Active__All-PER__finetune__binary__seed1__noise0.0__beta5.0__ft0.0
291,finetune,Lunar,configs/domains/lunar.yaml,Passive,Baseline-PER,2,binary,neural.beta,0.5,configs/base.yaml,,/cluster/home/jsanta07/fNIRS2RL/Experiment/ParticipantData,/cluster/home/jsanta07/OfflineNeuroloop,Lunar__Passive__Baseline-PER__finetune__binary__seed2__noise0.0__beta0.5__ft0.0
292,finetune,Lunar,configs/domains/lunar.yaml,Passive,Baseline-PER,2,binary,neural.beta,1.0,configs/base.yaml,,/cluster/home/jsanta07/fNIRS2RL/Experiment/ParticipantData,/cluster/home/jsanta07/OfflineNeuroloop,Lunar__Passive__Baseline-PER__finetune__binary__seed2__noise0.0__beta1.0__ft0.0
293,finetune,Lunar,configs/domains/lunar.yaml,Passive,Baseline-PER,2,binary,neural.beta,5.0,configs/base.yaml,,/cluster/home/jsanta07/fNIRS2RL/Experiment/ParticipantData,/cluster/home/jsanta07/OfflineNeuroloop,Lunar__Passive__Baseline-PER__finetune__binary__seed2__noise0.0__beta5.0__ft0.0
294,finetune,Lunar,configs/domains/lunar.yaml,Active,Baseline-PER,2,binary,neural.beta,0.5,configs/base.yaml,,/cluster/home/jsanta07/fNIRS2RL/Experiment/ParticipantData,/cluster/home/jsanta07/OfflineNeuroloop,Lunar__Active__Baseline-PER__finetune__binary__seed2__noise0.0__beta0.5__ft0.0
295,finetune,Lunar,configs/domains/lunar.yaml,Active,Baseline-PER,2,binary,neural.beta,1.0,configs/base.yaml,,/cluster/home/jsanta07/fNIRS2RL/Experiment/ParticipantData,/cluster/home/jsanta07/OfflineNeuroloop,Lunar__Active__Baseline-PER__finetune__binary__seed2__noise0.0__beta1.0__ft0.0
296,finetune,Lunar,configs/domains/lunar.yaml,Active,Baseline-PER,2,binary,neural.beta,5.0,configs/base.yaml,,/cluster/home/jsanta07/fNIRS2RL/Experiment/ParticipantData,/cluster/home/jsanta07/OfflineNeuroloop,Lunar__Active__Baseline-PER__finetune__binary__seed2__noise0.0__beta5.0__ft0.0
297,finetune,Lunar,configs/domains/lunar.yaml,Passive,Prioritization-PER,2,binary,neural.beta,0.5,configs/base.yaml,,/cluster/home/jsanta07/fNIRS2RL/Experiment/ParticipantData,/cluster/home/jsanta07/OfflineNeuroloop,Lunar__Passive__Prioritization-PER__finetune__binary__seed2__noise0.0__beta0.5__ft0.0
298,finetune,Lunar,configs/domains/lunar.yaml,Passive,Prioritization-PER,2,binary,neural.beta,1.0,configs/base.yaml,,/cluster/home/jsanta07/fNIRS2RL/Experiment/ParticipantData,/cluster/home/jsanta07/OfflineNeuroloop,Lunar__Passive__Prioritization-PER__finetune__binary__seed2__noise0.0__beta1.0__ft0.0
299,finetune,Lunar,configs/domains/lunar.yaml,Passive,Prioritization-PER,2,binary,neural.beta,5.0,configs/base.yaml,,/cluster/home/jsanta07/fNIRS2RL/Experiment/ParticipantData,/cluster/home/jsanta07/OfflineNeuroloop,Lunar__Passive__Prioritization-PER__finetune__binary__seed2__noise0.0__beta5.0__ft0.0
300,finetune,Lunar,configs/domains/lunar.yaml,Active,Prioritization-PER,2,binary,neural.beta,0.5,configs/base.yaml,,/cluster/home/jsanta07/fNIRS2RL/Experiment/ParticipantData,/cluster/home/jsanta07/OfflineNeuroloop,Lunar__Active__Prioritization-PER__finetune__binary__seed2__noise0.0__beta0.5__ft0.0
301,finetune,Lunar,configs/domains/lunar.yaml,Active,Prioritization-PER,2,binary,neural.beta,1.0,configs/base.yaml,,/cluster/home/jsanta07/fNIRS2RL/Experiment/ParticipantData,/cluster/home/jsanta07/OfflineNeuroloop,Lunar__Active__Prioritization-PER__finetune__binary__seed2__noise0.0__beta1.0__ft0.0
302,finetune,Lunar,configs/domains/lunar.yaml,Active,Prioritization-PER,2,binary,neural.beta,5.0,configs/base.yaml,,/cluster/home/jsanta07/fNIRS2RL/Experiment/ParticipantData,/cluster/home/jsanta07/OfflineNeuroloop,Lunar__Active__Prioritization-PER__finetune__binary__seed2__noise0.0__beta5.0__ft0.0
303,finetune,Lunar,configs/domains/lunar.yaml,Passive,Q-Augmentation-PER,2,binary,neural.beta,0.5,configs/base.yaml,,/cluster/home/jsanta07/fNIRS2RL/Experiment/ParticipantData,/cluster/home/jsanta07/OfflineNeuroloop,Lunar__Passive__Q-Augmentation-PER__finetune__binary__seed2__noise0.0__beta0.5__ft0.0
304,finetune,Lunar,configs/domains/lunar.yaml,Passive,Q-Augmentation-PER,2,binary,neural.beta,1.0,configs/base.yaml,,/cluster/home/jsanta07/fNIRS2RL/Experiment/ParticipantData,/cluster/home/jsanta07/OfflineNeuroloop,Lunar__Passive__Q-Augmentation-PER__finetune__binary__seed2__noise0.0__beta1.0__ft0.0
305,finetune,Lunar,configs/domains/lunar.yaml,Passive,Q-Augmentation-PER,2,binary,neural.beta,5.0,configs/base.yaml,,/cluster/home/jsanta07/fNIRS2RL/Experiment/ParticipantData,/cluster/home/jsanta07/OfflineNeuroloop,Lunar__Passive__Q-Augmentation-PER__finetune__binary__seed2__noise0.0__beta5.0__ft0.0
306,finetune,Lunar,configs/domains/lunar.yaml,Active,Q-Augmentation-PER,2,binary,neural.beta,0.5,configs/base.yaml,,/cluster/home/jsanta07/fNIRS2RL/Experiment/ParticipantData,/cluster/home/jsanta07/OfflineNeuroloop,Lunar__Active__Q-Augmentation-PER__finetune__binary__seed2__noise0.0__beta0.5__ft0.0
307,finetune,Lunar,configs/domains/lunar.yaml,Active,Q-Augmentation-PER,2,binary,neural.beta,1.0,configs/base.yaml,,/cluster/home/jsanta07/fNIRS2RL/Experiment/ParticipantData,/cluster/home/jsanta07/OfflineNeuroloop,Lunar__Active__Q-Augmentation-PER__finetune__binary__seed2__noise0.0__beta1.0__ft0.0
308,finetune,Lunar,configs/domains/lunar.yaml,Active,Q-Augmentation-PER,2,binary,neural.beta,5.0,configs/base.yaml,,/cluster/home/jsanta07/fNIRS2RL/Experiment/ParticipantData,/cluster/home/jsanta07/OfflineNeuroloop,Lunar__Active__Q-Augmentation-PER__finetune__binary__seed2__noise0.0__beta5.0__ft0.0
309,finetune,Lunar,configs/domains/lunar.yaml,Passive,Reward Augmentation-PER,2,binary,neural.beta,0.5,configs/base.yaml,,/cluster/home/jsanta07/fNIRS2RL/Experiment/ParticipantData,/cluster/home/jsanta07/OfflineNeuroloop,Lunar__Passive__Reward Augmentation-PER__finetune__binary__seed2__noise0.0__beta0.5__ft0.0
310,finetune,Lunar,configs/domains/lunar.yaml,Passive,Reward Augmentation-PER,2,binary,neural.beta,1.0,configs/base.yaml,,/cluster/home/jsanta07/fNIRS2RL/Experiment/ParticipantData,/cluster/home/jsanta07/OfflineNeuroloop,Lunar__Passive__Reward Augmentation-PER__finetune__binary__seed2__noise0.0__beta1.0__ft0.0
311,finetune,Lunar,configs/domains/lunar.yaml,Passive,Reward Augmentation-PER,2,binary,neural.beta,5.0,configs/base.yaml,,/cluster/home/jsanta07/fNIRS2RL/Experiment/ParticipantData,/cluster/home/jsanta07/OfflineNeuroloop,Lunar__Passive__Reward Augmentation-PER__finetune__binary__seed2__noise0.0__beta5.0__ft0.0
312,finetune,Lunar,configs/domains/lunar.yaml,Active,Reward Augmentation-PER,2,binary,neural.beta,0.5,configs/base.yaml,,/cluster/home/jsanta07/fNIRS2RL/Experiment/ParticipantData,/cluster/home/jsanta07/OfflineNeuroloop,Lunar__Active__Reward Augmentation-PER__finetune__binary__seed2__noise0.0__beta0.5__ft0.0
313,finetune,Lunar,configs/domains/lunar.yaml,Active,Reward Augmentation-PER,2,binary,neural.beta,1.0,configs/base.yaml,,/cluster/home/jsanta07/fNIRS2RL/Experiment/ParticipantData,/cluster/home/jsanta07/OfflineNeuroloop,Lunar__Active__Reward Augmentation-PER__finetune__binary__seed2__noise0.0__beta1.0__ft0.0
314,finetune,Lunar,configs/domains/lunar.yaml,Active,Reward Augmentation-PER,2,binary,neural.beta,5.0,configs/base.yaml,,/cluster/home/jsanta07/fNIRS2RL/Experiment/ParticipantData,/cluster/home/jsanta07/OfflineNeuroloop,Lunar__Active__Reward Augmentation-PER__finetune__binary__seed2__noise0.0__beta5.0__ft0.0
315,finetune,Lunar,configs/domains/lunar.yaml,Passive,All-PER,2,binary,neural.beta,0.5,configs/base.yaml,,/cluster/home/jsanta07/fNIRS2RL/Experiment/ParticipantData,/cluster/home/jsanta07/OfflineNeuroloop,Lunar__Passive__All-PER__finetune__binary__seed2__noise0.0__beta0.5__ft0.0
316,finetune,Lunar,configs/domains/lunar.yaml,Passive,All-PER,2,binary,neural.beta,1.0,configs/base.yaml,,/cluster/home/jsanta07/fNIRS2RL/Experiment/ParticipantData,/cluster/home/jsanta07/OfflineNeuroloop,Lunar__Passive__All-PER__finetune__binary__seed2__noise0.0__beta1.0__ft0.0
317,finetune,Lunar,configs/domains/lunar.yaml,Passive,All-PER,2,binary,neural.beta,5.0,configs/base.yaml,,/cluster/home/jsanta07/fNIRS2RL/Experiment/ParticipantData,/cluster/home/jsanta07/OfflineNeuroloop,Lunar__Passive__All-PER__finetune__binary__seed2__noise0.0__beta5.0__ft0.0
318,finetune,Lunar,configs/domains/lunar.yaml,Active,All-PER,2,binary,neural.beta,0.5,configs/base.yaml,,/cluster/home/jsanta07/fNIRS2RL/Experiment/ParticipantData,/cluster/home/jsanta07/OfflineNeuroloop,Lunar__Active__All-PER__finetune__binary__seed2__noise0.0__beta0.5__ft0.0
319,finetune,Lunar,configs/domains/lunar.yaml,Active,All-PER,2,binary,neural.beta,1.0,configs/base.yaml,,/cluster/home/jsanta07/fNIRS2RL/Experiment/ParticipantData,/cluster/home/jsanta07/OfflineNeuroloop,Lunar__Active__All-PER__finetune__binary__seed2__noise0.0__beta1.0__ft0.0
320,finetune,Lunar,configs/domains/lunar.yaml,Active,All-PER,2,binary,neural.beta,5.0,configs/base.yaml,,/cluster/home/jsanta07/fNIRS2RL/Experiment/ParticipantData,/cluster/home/jsanta07/OfflineNeuroloop,Lunar__Active__All-PER__finetune__binary__seed2__noise0.0__beta5.0__ft0.0
321,finetune,Lunar,configs/domains/lunar.yaml,Passive,Baseline-PER,3,binary,neural.beta,0.5,configs/base.yaml,,/cluster/home/jsanta07/fNIRS2RL/Experiment/ParticipantData,/cluster/home/jsanta07/OfflineNeuroloop,Lunar__Passive__Baseline-PER__finetune__binary__seed3__noise0.0__beta0.5__ft0.0
322,finetune,Lunar,configs/domains/lunar.yaml,Passive,Baseline-PER,3,binary,neural.beta,1.0,configs/base.yaml,,/cluster/home/jsanta07/fNIRS2RL/Experiment/ParticipantData,/cluster/home/jsanta07/OfflineNeuroloop,Lunar__Passive__Baseline-PER__finetune__binary__seed3__noise0.0__beta1.0__ft0.0
323,finetune,Lunar,configs/domains/lunar.yaml,Passive,Baseline-PER,3,binary,neural.beta,5.0,configs/base.yaml,,/cluster/home/jsanta07/fNIRS2RL/Experiment/ParticipantData,/cluster/home/jsanta07/OfflineNeuroloop,Lunar__Passive__Baseline-PER__finetune__binary__seed3__noise0.0__beta5.0__ft0.0
324,finetune,Lunar,configs/domains/lunar.yaml,Active,Baseline-PER,3,binary,neural.beta,0.5,configs/base.yaml,,/cluster/home/jsanta07/fNIRS2RL/Experiment/ParticipantData,/cluster/home/jsanta07/OfflineNeuroloop,Lunar__Active__Baseline-PER__finetune__binary__seed3__noise0.0__beta0.5__ft0.0
325,finetune,Lunar,configs/domains/lunar.yaml,Active,Baseline-PER,3,binary,neural.beta,1.0,configs/base.yaml,,/cluster/home/jsanta07/fNIRS2RL/Experiment/ParticipantData,/cluster/home/jsanta07/OfflineNeuroloop,Lunar__Active__Baseline-PER__finetune__binary__seed3__noise0.0__beta1.0__ft0.0
326,finetune,Lunar,configs/domains/lunar.yaml,Active,Baseline-PER,3,binary,neural.beta,5.0,configs/base.yaml,,/cluster/home/jsanta07/fNIRS2RL/Experiment/ParticipantData,/cluster/home/jsanta07/OfflineNeuroloop,Lunar__Active__Baseline-PER__finetune__binary__seed3__noise0.0__beta5.0__ft0.0
327,finetune,Lunar,configs/domains/lunar.yaml,Passive,Prioritization-PER,3,binary,neural.beta,0.5,configs/base.yaml,,/cluster/home/jsanta07/fNIRS2RL/Experiment/ParticipantData,/cluster/home/jsanta07/OfflineNeuroloop,Lunar__Passive__Prioritization-PER__finetune__binary__seed3__noise0.0__beta0.5__ft0.0
328,finetune,Lunar,configs/domains/lunar.yaml,Passive,Prioritization-PER,3,binary,neural.beta,1.0,configs/base.yaml,,/cluster/home/jsanta07/fNIRS2RL/Experiment/ParticipantData,/cluster/home/jsanta07/OfflineNeuroloop,Lunar__Passive__Prioritization-PER__finetune__binary__seed3__noise0.0__beta1.0__ft0.0
329,finetune,Lunar,configs/domains/lunar.yaml,Passive,Prioritization-PER,3,binary,neural.beta,5.0,configs/base.yaml,,/cluster/home/jsanta07/fNIRS2RL/Experiment/ParticipantData,/cluster/home/jsanta07/OfflineNeuroloop,Lunar__Passive__Prioritization-PER__finetune__binary__seed3__noise0.0__beta5.0__ft0.0
330,finetune,Lunar,configs/domains/lunar.yaml,Active,Prioritization-PER,3,binary,neural.beta,0.5,configs/base.yaml,,/cluster/home/jsanta07/fNIRS2RL/Experiment/ParticipantData,/cluster/home/jsanta07/OfflineNeuroloop,Lunar__Active__Prioritization-PER__finetune__binary__seed3__noise0.0__beta0.5__ft0.0
331,finetune,Lunar,configs/domains/lunar.yaml,Active,Prioritization-PER,3,binary,neural.beta,1.0,configs/base.yaml,,/cluster/home/jsanta07/fNIRS2RL/Experiment/ParticipantData,/cluster/home/jsanta07/OfflineNeuroloop,Lunar__Active__Prioritization-PER__finetune__binary__seed3__noise0.0__beta1.0__ft0.0
332,finetune,Lunar,configs/domains/lunar.yaml,Active,Prioritization-PER,3,binary,neural.beta,5.0,configs/base.yaml,,/cluster/home/jsanta07/fNIRS2RL/Experiment/ParticipantData,/cluster/home/jsanta07/OfflineNeuroloop,Lunar__Active__Prioritization-PER__finetune__binary__seed3__noise0.0__beta5.0__ft0.0
333,finetune,Lunar,configs/domains/lunar.yaml,Passive,Q-Augmentation-PER,3,binary,neural.beta,0.5,configs/base.yaml,,/cluster/home/jsanta07/fNIRS2RL/Experiment/ParticipantData,/cluster/home/jsanta07/OfflineNeuroloop,Lunar__Passive__Q-Augmentation-PER__finetune__binary__seed3__noise0.0__beta0.5__ft0.0
334,finetune,Lunar,configs/domains/lunar.yaml,Passive,Q-Augmentation-PER,3,binary,neural.beta,1.0,configs/base.yaml,,/cluster/home/jsanta07/fNIRS2RL/Experiment/ParticipantData,/cluster/home/jsanta07/OfflineNeuroloop,Lunar__Passive__Q-Augmentation-PER__finetune__binary__seed3__noise0.0__beta1.0__ft0.0
335,finetune,Lunar,configs/domains/lunar.yaml,Passive,Q-Augmentation-PER,3,binary,neural.beta,5.0,configs/base.yaml,,/cluster/home/jsanta07/fNIRS2RL/Experiment/ParticipantData,/cluster/home/jsanta07/OfflineNeuroloop,Lunar__Passive__Q-Augmentation-PER__finetune__binary__seed3__noise0.0__beta5.0__ft0.0
336,finetune,Lunar,configs/domains/lunar.yaml,Active,Q-Augmentation-PER,3,binary,neural.beta,0.5,configs/base.yaml,,/cluster/home/jsanta07/fNIRS2RL/Experiment/ParticipantData,/cluster/home/jsanta07/OfflineNeuroloop,Lunar__Active__Q-Augmentation-PER__finetune__binary__seed3__noise0.0__beta0.5__ft0.0
337,finetune,Lunar,configs/domains/lunar.yaml,Active,Q-Augmentation-PER,3,binary,neural.beta,1.0,configs/base.yaml,,/cluster/home/jsanta07/fNIRS2RL/Experiment/ParticipantData,/cluster/home/jsanta07/OfflineNeuroloop,Lunar__Active__Q-Augmentation-PER__finetune__binary__seed3__noise0.0__beta1.0__ft0.0
338,finetune,Lunar,configs/domains/lunar.yaml,Active,Q-Augmentation-PER,3,binary,neural.beta,5.0,configs/base.yaml,,/cluster/home/jsanta07/fNIRS2RL/Experiment/ParticipantData,/cluster/home/jsanta07/OfflineNeuroloop,Lunar__Active__Q-Augmentation-PER__finetune__binary__seed3__noise0.0__beta5.0__ft0.0
339,finetune,Lunar,configs/domains/lunar.yaml,Passive,Reward Augmentation-PER,3,binary,neural.beta,0.5,configs/base.yaml,,/cluster/home/jsanta07/fNIRS2RL/Experiment/ParticipantData,/cluster/home/jsanta07/OfflineNeuroloop,Lunar__Passive__Reward Augmentation-PER__finetune__binary__seed3__noise0.0__beta0.5__ft0.0
340,finetune,Lunar,configs/domains/lunar.yaml,Passive,Reward Augmentation-PER,3,binary,neural.beta,1.0,configs/base.yaml,,/cluster/home/jsanta07/fNIRS2RL/Experiment/ParticipantData,/cluster/home/jsanta07/OfflineNeuroloop,Lunar__Passive__Reward Augmentation-PER__finetune__binary__seed3__noise0.0__beta1.0__ft0.0
341,finetune,Lunar,configs/domains/lunar.yaml,Passive,Reward Augmentation-PER,3,binary,neural.beta,5.0,configs/base.yaml,,/cluster/home/jsanta07/fNIRS2RL/Experiment/ParticipantData,/cluster/home/jsanta07/OfflineNeuroloop,Lunar__Passive__Reward Augmentation-PER__finetune__binary__seed3__noise0.0__beta5.0__ft0.0
342,finetune,Lunar,configs/domains/lunar.yaml,Active,Reward Augmentation-PER,3,binary,neural.beta,0.5,configs/base.yaml,,/cluster/home/jsanta07/fNIRS2RL/Experiment/ParticipantData,/cluster/home/jsanta07/OfflineNeuroloop,Lunar__Active__Reward Augmentation-PER__finetune__binary__seed3__noise0.0__beta0.5__ft0.0
343,finetune,Lunar,configs/domains/lunar.yaml,Active,Reward Augmentation-PER,3,binary,neural.beta,1.0,configs/base.yaml,,/cluster/home/jsanta07/fNIRS2RL/Experiment/ParticipantData,/cluster/home/jsanta07/OfflineNeuroloop,Lunar__Active__Reward Augmentation-PER__finetune__binary__seed3__noise0.0__beta1.0__ft0.0
344,finetune,Lunar,configs/domains/lunar.yaml,Active,Reward Augmentation-PER,3,binary,neural.beta,5.0,configs/base.yaml,,/cluster/home/jsanta07/fNIRS2RL/Experiment/ParticipantData,/cluster/home/jsanta07/OfflineNeuroloop,Lunar__Active__Reward Augmentation-PER__finetune__binary__seed3__noise0.0__beta5.0__ft0.0
345,finetune,Lunar,configs/domains/lunar.yaml,Passive,All-PER,3,binary,neural.beta,0.5,configs/base.yaml,,/cluster/home/jsanta07/fNIRS2RL/Experiment/ParticipantData,/cluster/home/jsanta07/OfflineNeuroloop,Lunar__Passive__All-PER__finetune__binary__seed3__noise0.0__beta0.5__ft0.0
346,finetune,Lunar,configs/domains/lunar.yaml,Passive,All-PER,3,binary,neural.beta,1.0,configs/base.yaml,,/cluster/home/jsanta07/fNIRS2RL/Experiment/ParticipantData,/cluster/home/jsanta07/OfflineNeuroloop,Lunar__Passive__All-PER__finetune__binary__seed3__noise0.0__beta1.0__ft0.0
347,finetune,Lunar,configs/domains/lunar.yaml,Passive,All-PER,3,binary,neural.beta,5.0,configs/base.yaml,,/cluster/home/jsanta07/fNIRS2RL/Experiment/ParticipantData,/cluster/home/jsanta07/OfflineNeuroloop,Lunar__Passive__All-PER__finetune__binary__seed3__noise0.0__beta5.0__ft0.0
348,finetune,Lunar,configs/domains/lunar.yaml,Active,All-PER,3,binary,neural.beta,0.5,configs/base.yaml,,/cluster/home/jsanta07/fNIRS2RL/Experiment/ParticipantData,/cluster/home/jsanta07/OfflineNeuroloop,Lunar__Active__All-PER__finetune__binary__seed3__noise0.0__beta0.5__ft0.0
349,finetune,Lunar,configs/domains/lunar.yaml,Active,All-PER,3,binary,neural.beta,1.0,configs/base.yaml,,/cluster/home/jsanta07/fNIRS2RL/Experiment/ParticipantData,/cluster/home/jsanta07/OfflineNeuroloop,Lunar__Active__All-PER__finetune__binary__seed3__noise0.0__beta1.0__ft0.0
350,finetune,Lunar,configs/domains/lunar.yaml,Active,All-PER,3,binary,neural.beta,5.0,configs/base.yaml,,/cluster/home/jsanta07/fNIRS2RL/Experiment/ParticipantData,/cluster/home/jsanta07/OfflineNeuroloop,Lunar__Active__All-PER__finetune__binary__seed3__noise0.0__beta5.0__ft0.0
351,finetune,Lunar,configs/domains/lunar.yaml,Passive,Baseline-PER,4,binary,neural.beta,0.5,configs/base.yaml,,/cluster/home/jsanta07/fNIRS2RL/Experiment/ParticipantData,/cluster/home/jsanta07/OfflineNeuroloop,Lunar__Passive__Baseline-PER__finetune__binary__seed4__noise0.0__beta0.5__ft0.0
352,finetune,Lunar,configs/domains/lunar.yaml,Passive,Baseline-PER,4,binary,neural.beta,1.0,configs/base.yaml,,/cluster/home/jsanta07/fNIRS2RL/Experiment/ParticipantData,/cluster/home/jsanta07/OfflineNeuroloop,Lunar__Passive__Baseline-PER__finetune__binary__seed4__noise0.0__beta1.0__ft0.0
353,finetune,Lunar,configs/domains/lunar.yaml,Passive,Baseline-PER,4,binary,neural.beta,5.0,configs/base.yaml,,/cluster/home/jsanta07/fNIRS2RL/Experiment/ParticipantData,/cluster/home/jsanta07/OfflineNeuroloop,Lunar__Passive__Baseline-PER__finetune__binary__seed4__noise0.0__beta5.0__ft0.0
354,finetune,Lunar,configs/domains/lunar.yaml,Active,Baseline-PER,4,binary,neural.beta,0.5,configs/base.yaml,,/cluster/home/jsanta07/fNIRS2RL/Experiment/ParticipantData,/cluster/home/jsanta07/OfflineNeuroloop,Lunar__Active__Baseline-PER__finetune__binary__seed4__noise0.0__beta0.5__ft0.0
355,finetune,Lunar,configs/domains/lunar.yaml,Active,Baseline-PER,4,binary,neural.beta,1.0,configs/base.yaml,,/cluster/home/jsanta07/fNIRS2RL/Experiment/ParticipantData,/cluster/home/jsanta07/OfflineNeuroloop,Lunar__Active__Baseline-PER__finetune__binary__seed4__noise0.0__beta1.0__ft0.0
356,finetune,Lunar,configs/domains/lunar.yaml,Active,Baseline-PER,4,binary,neural.beta,5.0,configs/base.yaml,,/cluster/home/jsanta07/fNIRS2RL/Experiment/ParticipantData,/cluster/home/jsanta07/OfflineNeuroloop,Lunar__Active__Baseline-PER__finetune__binary__seed4__noise0.0__beta5.0__ft0.0
357,finetune,Lunar,configs/domains/lunar.yaml,Passive,Prioritization-PER,4,binary,neural.beta,0.5,configs/base.yaml,,/cluster/home/jsanta07/fNIRS2RL/Experiment/ParticipantData,/cluster/home/jsanta07/OfflineNeuroloop,Lunar__Passive__Prioritization-PER__finetune__binary__seed4__noise0.0__beta0.5__ft0.0
358,finetune,Lunar,configs/domains/lunar.yaml,Passive,Prioritization-PER,4,binary,neural.beta,1.0,configs/base.yaml,,/cluster/home/jsanta07/fNIRS2RL/Experiment/ParticipantData,/cluster/home/jsanta07/OfflineNeuroloop,Lunar__Passive__Prioritization-PER__finetune__binary__seed4__noise0.0__beta1.0__ft0.0
359,finetune,Lunar,configs/domains/lunar.yaml,Passive,Prioritization-PER,4,binary,neural.beta,5.0,configs/base.yaml,,/cluster/home/jsanta07/fNIRS2RL/Experiment/ParticipantData,/cluster/home/jsanta07/OfflineNeuroloop,Lunar__Passive__Prioritization-PER__finetune__binary__seed4__noise0.0__beta5.0__ft0.0
360,finetune,Lunar,configs/domains/lunar.yaml,Active,Prioritization-PER,4,binary,neural.beta,0.5,configs/base.yaml,,/cluster/home/jsanta07/fNIRS2RL/Experiment/ParticipantData,/cluster/home/jsanta07/OfflineNeuroloop,Lunar__Active__Prioritization-PER__finetune__binary__seed4__noise0.0__beta0.5__ft0.0
361,finetune,Lunar,configs/domains/lunar.yaml,Active,Prioritization-PER,4,binary,neural.beta,1.0,configs/base.yaml,,/cluster/home/jsanta07/fNIRS2RL/Experiment/ParticipantData,/cluster/home/jsanta07/OfflineNeuroloop,Lunar__Active__Prioritization-PER__finetune__binary__seed4__noise0.0__beta1.0__ft0.0
362,finetune,Lunar,configs/domains/lunar.yaml,Active,Prioritization-PER,4,binary,neural.beta,5.0,configs/base.yaml,,/cluster/home/jsanta07/fNIRS2RL/Experiment/ParticipantData,/cluster/home/jsanta07/OfflineNeuroloop,Lunar__Active__Prioritization-PER__finetune__binary__seed4__noise0.0__beta5.0__ft0.0
363,finetune,Lunar,configs/domains/lunar.yaml,Passive,Q-Augmentation-PER,4,binary,neural.beta,0.5,configs/base.yaml,,/cluster/home/jsanta07/fNIRS2RL/Experiment/ParticipantData,/cluster/home/jsanta07/OfflineNeuroloop,Lunar__Passive__Q-Augmentation-PER__finetune__binary__seed4__noise0.0__beta0.5__ft0.0
364,finetune,Lunar,configs/domains/lunar.yaml,Passive,Q-Augmentation-PER,4,binary,neural.beta,1.0,configs/base.yaml,,/cluster/home/jsanta07/fNIRS2RL/Experiment/ParticipantData,/cluster/home/jsanta07/OfflineNeuroloop,Lunar__Passive__Q-Augmentation-PER__finetune__binary__seed4__noise0.0__beta1.0__ft0.0
365,finetune,Lunar,configs/domains/lunar.yaml,Passive,Q-Augmentation-PER,4,binary,neural.beta,5.0,configs/base.yaml,,/cluster/home/jsanta07/fNIRS2RL/Experiment/ParticipantData,/cluster/home/jsanta07/OfflineNeuroloop,Lunar__Passive__Q-Augmentation-PER__finetune__binary__seed4__noise0.0__beta5.0__ft0.0
366,finetune,Lunar,configs/domains/lunar.yaml,Active,Q-Augmentation-PER,4,binary,neural.beta,0.5,configs/base.yaml,,/cluster/home/jsanta07/fNIRS2RL/Experiment/ParticipantData,/cluster/home/jsanta07/OfflineNeuroloop,Lunar__Active__Q-Augmentation-PER__finetune__binary__seed4__noise0.0__beta0.5__ft0.0
367,finetune,Lunar,configs/domains/lunar.yaml,Active,Q-Augmentation-PER,4,binary,neural.beta,1.0,configs/base.yaml,,/cluster/home/jsanta07/fNIRS2RL/Experiment/ParticipantData,/cluster/home/jsanta07/OfflineNeuroloop,Lunar__Active__Q-Augmentation-PER__finetune__binary__seed4__noise0.0__beta1.0__ft0.0
368,finetune,Lunar,configs/domains/lunar.yaml,Active,Q-Augmentation-PER,4,binary,neural.beta,5.0,configs/base.yaml,,/cluster/home/jsanta07/fNIRS2RL/Experiment/ParticipantData,/cluster/home/jsanta07/OfflineNeuroloop,Lunar__Active__Q-Augmentation-PER__finetune__binary__seed4__noise0.0__beta5.0__ft0.0
369,finetune,Lunar,configs/domains/lunar.yaml,Passive,Reward Augmentation-PER,4,binary,neural.beta,0.5,configs/base.yaml,,/cluster/home/jsanta07/fNIRS2RL/Experiment/ParticipantData,/cluster/home/jsanta07/OfflineNeuroloop,Lunar__Passive__Reward Augmentation-PER__finetune__binary__seed4__noise0.0__beta0.5__ft0.0
370,finetune,Lunar,configs/domains/lunar.yaml,Passive,Reward Augmentation-PER,4,binary,neural.beta,1.0,configs/base.yaml,,/cluster/home/jsanta07/fNIRS2RL/Experiment/ParticipantData,/cluster/home/jsanta07/OfflineNeuroloop,Lunar__Passive__Reward Augmentation-PER__finetune__binary__seed4__noise0.0__beta1.0__ft0.0
371,finetune,Lunar,configs/domains/lunar.yaml,Passive,Reward Augmentation-PER,4,binary,neural.beta,5.0,configs/base.yaml,,/cluster/home/jsanta07/fNIRS2RL/Experiment/ParticipantData,/cluster/home/jsanta07/OfflineNeuroloop,Lunar__Passive__Reward Augmentation-PER__finetune__binary__seed4__noise0.0__beta5.0__ft0.0
372,finetune,Lunar,configs/domains/lunar.yaml,Active,Reward Augmentation-PER,4,binary,neural.beta,0.5,configs/base.yaml,,/cluster/home/jsanta07/fNIRS2RL/Experiment/ParticipantData,/cluster/home/jsanta07/OfflineNeuroloop,Lunar__Active__Reward Augmentation-PER__finetune__binary__seed4__noise0.0__beta0.5__ft0.0
373,finetune,Lunar,configs/domains/lunar.yaml,Active,Reward Augmentation-PER,4,binary,neural.beta,1.0,configs/base.yaml,,/cluster/home/jsanta07/fNIRS2RL/Experiment/ParticipantData,/cluster/home/jsanta07/OfflineNeuroloop,Lunar__Active__Reward Augmentation-PER__finetune__binary__seed4__noise0.0__beta1.0__ft0.0
374,finetune,Lunar,configs/domains/lunar.yaml,Active,Reward Augmentation-PER,4,binary,neural.beta,5.0,configs/base.yaml,,/cluster/home/jsanta07/fNIRS2RL/Experiment/ParticipantData,/cluster/home/jsanta07/OfflineNeuroloop,Lunar__Active__Reward Augmentation-PER__finetune__binary__seed4__noise0.0__beta5.0__ft0.0
375,finetune,Lunar,configs/domains/lunar.yaml,Passive,All-PER,4,binary,neural.beta,0.5,configs/base.yaml,,/cluster/home/jsanta07/fNIRS2RL/Experiment/ParticipantData,/cluster/home/jsanta07/OfflineNeuroloop,Lunar__Passive__All-PER__finetune__binary__seed4__noise0.0__beta0.5__ft0.0
376,finetune,Lunar,configs/domains/lunar.yaml,Passive,All-PER,4,binary,neural.beta,1.0,configs/base.yaml,,/cluster/home/jsanta07/fNIRS2RL/Experiment/ParticipantData,/cluster/home/jsanta07/OfflineNeuroloop,Lunar__Passive__All-PER__finetune__binary__seed4__noise0.0__beta1.0__ft0.0
377,finetune,Lunar,configs/domains/lunar.yaml,Passive,All-PER,4,binary,neural.beta,5.0,configs/base.yaml,,/cluster/home/jsanta07/fNIRS2RL/Experiment/ParticipantData,/cluster/home/jsanta07/OfflineNeuroloop,Lunar__Passive__All-PER__finetune__binary__seed4__noise0.0__beta5.0__ft0.0
378,finetune,Lunar,configs/domains/lunar.yaml,Active,All-PER,4,binary,neural.beta,0.5,configs/base.yaml,,/cluster/home/jsanta07/fNIRS2RL/Experiment/ParticipantData,/cluster/home/jsanta07/OfflineNeuroloop,Lunar__Active__All-PER__finetune__binary__seed4__noise0.0__beta0.5__ft0.0
379,finetune,Lunar,configs/domains/lunar.yaml,Active,All-PER,4,binary,neural.beta,1.0,configs/base.yaml,,/cluster/home/jsanta07/fNIRS2RL/Experiment/ParticipantData,/cluster/home/jsanta07/OfflineNeuroloop,Lunar__Active__All-PER__finetune__binary__seed4__noise0.0__beta1.0__ft0.0
380,finetune,Lunar,configs/domains/lunar.yaml,Active,All-PER,4,binary,neural.beta,5.0,configs/base.yaml,,/cluster/home/jsanta07/fNIRS2RL/Experiment/ParticipantData,/cluster/home/jsanta07/OfflineNeuroloop,Lunar__Active__All-PER__finetune__binary__seed4__noise0.0__beta5.0__ft0.0
381,finetune,Lunar,configs/domains/lunar.yaml,Passive,Baseline-PER,5,binary,neural.beta,0.5,configs/base.yaml,,/cluster/home/jsanta07/fNIRS2RL/Experiment/ParticipantData,/cluster/home/jsanta07/OfflineNeuroloop,Lunar__Passive__Baseline-PER__finetune__binary__seed5__noise0.0__beta0.5__ft0.0
382,finetune,Lunar,configs/domains/lunar.yaml,Passive,Baseline-PER,5,binary,neural.beta,1.0,configs/base.yaml,,/cluster/home/jsanta07/fNIRS2RL/Experiment/ParticipantData,/cluster/home/jsanta07/OfflineNeuroloop,Lunar__Passive__Baseline-PER__finetune__binary__seed5__noise0.0__beta1.0__ft0.0
383,finetune,Lunar,configs/domains/lunar.yaml,Passive,Baseline-PER,5,binary,neural.beta,5.0,configs/base.yaml,,/cluster/home/jsanta07/fNIRS2RL/Experiment/ParticipantData,/cluster/home/jsanta07/OfflineNeuroloop,Lunar__Passive__Baseline-PER__finetune__binary__seed5__noise0.0__beta5.0__ft0.0
384,finetune,Lunar,configs/domains/lunar.yaml,Active,Baseline-PER,5,binary,neural.beta,0.5,configs/base.yaml,,/cluster/home/jsanta07/fNIRS2RL/Experiment/ParticipantData,/cluster/home/jsanta07/OfflineNeuroloop,Lunar__Active__Baseline-PER__finetune__binary__seed5__noise0.0__beta0.5__ft0.0
385,finetune,Lunar,configs/domains/lunar.yaml,Active,Baseline-PER,5,binary,neural.beta,1.0,configs/base.yaml,,/cluster/home/jsanta07/fNIRS2RL/Experiment/ParticipantData,/cluster/home/jsanta07/OfflineNeuroloop,Lunar__Active__Baseline-PER__finetune__binary__seed5__noise0.0__beta1.0__ft0.0
386,finetune,Lunar,configs/domains/lunar.yaml,Active,Baseline-PER,5,binary,neural.beta,5.0,configs/base.yaml,,/cluster/home/jsanta07/fNIRS2RL/Experiment/ParticipantData,/cluster/home/jsanta07/OfflineNeuroloop,Lunar__Active__Baseline-PER__finetune__binary__seed5__noise0.0__beta5.0__ft0.0
387,finetune,Lunar,configs/domains/lunar.yaml,Passive,Prioritization-PER,5,binary,neural.beta,0.5,configs/base.yaml,,/cluster/home/jsanta07/fNIRS2RL/Experiment/ParticipantData,/cluster/home/jsanta07/OfflineNeuroloop,Lunar__Passive__Prioritization-PER__finetune__binary__seed5__noise0.0__beta0.5__ft0.0
388,finetune,Lunar,configs/domains/lunar.yaml,Passive,Prioritization-PER,5,binary,neural.beta,1.0,configs/base.yaml,,/cluster/home/jsanta07/fNIRS2RL/Experiment/ParticipantData,/cluster/home/jsanta07/OfflineNeuroloop,Lunar__Passive__Prioritization-PER__finetune__binary__seed5__noise0.0__beta1.0__ft0.0
389,finetune,Lunar,configs/domains/lunar.yaml,Passive,Prioritization-PER,5,binary,neural.beta,5.0,configs/base.yaml,,/cluster/home/jsanta07/fNIRS2RL/Experiment/ParticipantData,/cluster/home/jsanta07/OfflineNeuroloop,Lunar__Passive__Prioritization-PER__finetune__binary__seed5__noise0.0__beta5.0__ft0.0
390,finetune,Lunar,configs/domains/lunar.yaml,Active,Prioritization-PER,5,binary,neural.beta,0.5,configs/base.yaml,,/cluster/home/jsanta07/fNIRS2RL/Experiment/ParticipantData,/cluster/home/jsanta07/OfflineNeuroloop,Lunar__Active__Prioritization-PER__finetune__binary__seed5__noise0.0__beta0.5__ft0.0
391,finetune,Lunar,configs/domains/lunar.yaml,Active,Prioritization-PER,5,binary,neural.beta,1.0,configs/base.yaml,,/cluster/home/jsanta07/fNIRS2RL/Experiment/ParticipantData,/cluster/home/jsanta07/OfflineNeuroloop,Lunar__Active__Prioritization-PER__finetune__binary__seed5__noise0.0__beta1.0__ft0.0
392,finetune,Lunar,configs/domains/lunar.yaml,Active,Prioritization-PER,5,binary,neural.beta,5.0,configs/base.yaml,,/cluster/home/jsanta07/fNIRS2RL/Experiment/ParticipantData,/cluster/home/jsanta07/OfflineNeuroloop,Lunar__Active__Prioritization-PER__finetune__binary__seed5__noise0.0__beta5.0__ft0.0
393,finetune,Lunar,configs/domains/lunar.yaml,Passive,Q-Augmentation-PER,5,binary,neural.beta,0.5,configs/base.yaml,,/cluster/home/jsanta07/fNIRS2RL/Experiment/ParticipantData,/cluster/home/jsanta07/OfflineNeuroloop,Lunar__Passive__Q-Augmentation-PER__finetune__binary__seed5__noise0.0__beta0.5__ft0.0
394,finetune,Lunar,configs/domains/lunar.yaml,Passive,Q-Augmentation-PER,5,binary,neural.beta,1.0,configs/base.yaml,,/cluster/home/jsanta07/fNIRS2RL/Experiment/ParticipantData,/cluster/home/jsanta07/OfflineNeuroloop,Lunar__Passive__Q-Augmentation-PER__finetune__binary__seed5__noise0.0__beta1.0__ft0.0
395,finetune,Lunar,configs/domains/lunar.yaml,Passive,Q-Augmentation-PER,5,binary,neural.beta,5.0,configs/base.yaml,,/cluster/home/jsanta07/fNIRS2RL/Experiment/ParticipantData,/cluster/home/jsanta07/OfflineNeuroloop,Lunar__Passive__Q-Augmentation-PER__finetune__binary__seed5__noise0.0__beta5.0__ft0.0
396,finetune,Lunar,configs/domains/lunar.yaml,Active,Q-Augmentation-PER,5,binary,neural.beta,0.5,configs/base.yaml,,/cluster/home/jsanta07/fNIRS2RL/Experiment/ParticipantData,/cluster/home/jsanta07/OfflineNeuroloop,Lunar__Active__Q-Augmentation-PER__finetune__binary__seed5__noise0.0__beta0.5__ft0.0
397,finetune,Lunar,configs/domains/lunar.yaml,Active,Q-Augmentation-PER,5,binary,neural.beta,1.0,configs/base.yaml,,/cluster/home/jsanta07/fNIRS2RL/Experiment/ParticipantData,/cluster/home/jsanta07/OfflineNeuroloop,Lunar__Active__Q-Augmentation-PER__finetune__binary__seed5__noise0.0__beta1.0__ft0.0
398,finetune,Lunar,configs/domains/lunar.yaml,Active,Q-Augmentation-PER,5,binary,neural.beta,5.0,configs/base.yaml,,/cluster/home/jsanta07/fNIRS2RL/Experiment/ParticipantData,/cluster/home/jsanta07/OfflineNeuroloop,Lunar__Active__Q-Augmentation-PER__finetune__binary__seed5__noise0.0__beta5.0__ft0.0
399,finetune,Lunar,configs/domains/lunar.yaml,Passive,Reward Augmentation-PER,5,binary,neural.beta,0.5,configs/base.yaml,,/cluster/home/jsanta07/fNIRS2RL/Experiment/ParticipantData,/cluster/home/jsanta07/OfflineNeuroloop,Lunar__Passive__Reward Augmentation-PER__finetune__binary__seed5__noise0.0__beta0.5__ft0.0
400,finetune,Lunar,configs/domains/lunar.yaml,Passive,Reward Augmentation-PER,5,binary,neural.beta,1.0,configs/base.yaml,,/cluster/home/jsanta07/fNIRS2RL/Experiment/ParticipantData,/cluster/home/jsanta07/OfflineNeuroloop,Lunar__Passive__Reward Augmentation-PER__finetune__binary__seed5__noise0.0__beta1.0__ft0.0
401,finetune,Lunar,configs/domains/lunar.yaml,Passive,Reward Augmentation-PER,5,binary,neural.beta,5.0,configs/base.yaml,,/cluster/home/jsanta07/fNIRS2RL/Experiment/ParticipantData,/cluster/home/jsanta07/OfflineNeuroloop,Lunar__Passive__Reward Augmentation-PER__finetune__binary__seed5__noise0.0__beta5.0__ft0.0
402,finetune,Lunar,configs/domains/lunar.yaml,Active,Reward Augmentation-PER,5,binary,neural.beta,0.5,configs/base.yaml,,/cluster/home/jsanta07/fNIRS2RL/Experiment/ParticipantData,/cluster/home/jsanta07/OfflineNeuroloop,Lunar__Active__Reward Augmentation-PER__finetune__binary__seed5__noise0.0__beta0.5__ft0.0
403,finetune,Lunar,configs/domains/lunar.yaml,Active,Reward Augmentation-PER,5,binary,neural.beta,1.0,configs/base.yaml,,/cluster/home/jsanta07/fNIRS2RL/Experiment/ParticipantData,/cluster/home/jsanta07/OfflineNeuroloop,Lunar__Active__Reward Augmentation-PER__finetune__binary__seed5__noise0.0__beta1.0__ft0.0
404,finetune,Lunar,configs/domains/lunar.yaml,Active,Reward Augmentation-PER,5,binary,neural.beta,5.0,configs/base.yaml,,/cluster/home/jsanta07/fNIRS2RL/Experiment/ParticipantData,/cluster/home/jsanta07/OfflineNeuroloop,Lunar__Active__Reward Augmentation-PER__finetune__binary__seed5__noise0.0__beta5.0__ft0.0
405,finetune,Lunar,configs/domains/lunar.yaml,Passive,All-PER,5,binary,neural.beta,0.5,configs/base.yaml,,/cluster/home/jsanta07/fNIRS2RL/Experiment/ParticipantData,/cluster/home/jsanta07/OfflineNeuroloop,Lunar__Passive__All-PER__finetune__binary__seed5__noise0.0__beta0.5__ft0.0
406,finetune,Lunar,configs/domains/lunar.yaml,Passive,All-PER,5,binary,neural.beta,1.0,configs/base.yaml,,/cluster/home/jsanta07/fNIRS2RL/Experiment/ParticipantData,/cluster/home/jsanta07/OfflineNeuroloop,Lunar__Passive__All-PER__finetune__binary__seed5__noise0.0__beta1.0__ft0.0
407,finetune,Lunar,configs/domains/lunar.yaml,Passive,All-PER,5,binary,neural.beta,5.0,configs/base.yaml,,/cluster/home/jsanta07/fNIRS2RL/Experiment/ParticipantData,/cluster/home/jsanta07/OfflineNeuroloop,Lunar__Passive__All-PER__finetune__binary__seed5__noise0.0__beta5.0__ft0.0
408,finetune,Lunar,configs/domains/lunar.yaml,Active,All-PER,5,binary,neural.beta,0.5,configs/base.yaml,,/cluster/home/jsanta07/fNIRS2RL/Experiment/ParticipantData,/cluster/home/jsanta07/OfflineNeuroloop,Lunar__Active__All-PER__finetune__binary__seed5__noise0.0__beta0.5__ft0.0
409,finetune,Lunar,configs/domains/lunar.yaml,Active,All-PER,5,binary,neural.beta,1.0,configs/base.yaml,,/cluster/home/jsanta07/fNIRS2RL/Experiment/ParticipantData,/cluster/home/jsanta07/OfflineNeuroloop,Lunar__Active__All-PER__finetune__binary__seed5__noise0.0__beta1.0__ft0.0
410,finetune,Lunar,configs/domains/lunar.yaml,Active,All-PER,5,binary,neural.beta,5.0,configs/base.yaml,,/cluster/home/jsanta07/fNIRS2RL/Experiment/ParticipantData,/cluster/home/jsanta07/OfflineNeuroloop,Lunar__Active__All-PER__finetune__binary__seed5__noise0.0__beta5.0__ft0.0
411,finetune,Lunar,configs/domains/lunar.yaml,Passive,Baseline-PER,6,binary,neural.beta,0.5,configs/base.yaml,,/cluster/home/jsanta07/fNIRS2RL/Experiment/ParticipantData,/cluster/home/jsanta07/OfflineNeuroloop,Lunar__Passive__Baseline-PER__finetune__binary__seed6__noise0.0__beta0.5__ft0.0
412,finetune,Lunar,configs/domains/lunar.yaml,Passive,Baseline-PER,6,binary,neural.beta,1.0,configs/base.yaml,,/cluster/home/jsanta07/fNIRS2RL/Experiment/ParticipantData,/cluster/home/jsanta07/OfflineNeuroloop,Lunar__Passive__Baseline-PER__finetune__binary__seed6__noise0.0__beta1.0__ft0.0
413,finetune,Lunar,configs/domains/lunar.yaml,Passive,Baseline-PER,6,binary,neural.beta,5.0,configs/base.yaml,,/cluster/home/jsanta07/fNIRS2RL/Experiment/ParticipantData,/cluster/home/jsanta07/OfflineNeuroloop,Lunar__Passive__Baseline-PER__finetune__binary__seed6__noise0.0__beta5.0__ft0.0
414,finetune,Lunar,configs/domains/lunar.yaml,Active,Baseline-PER,6,binary,neural.beta,0.5,configs/base.yaml,,/cluster/home/jsanta07/fNIRS2RL/Experiment/ParticipantData,/cluster/home/jsanta07/OfflineNeuroloop,Lunar__Active__Baseline-PER__finetune__binary__seed6__noise0.0__beta0.5__ft0.0
415,finetune,Lunar,configs/domains/lunar.yaml,Active,Baseline-PER,6,binary,neural.beta,1.0,configs/base.yaml,,/cluster/home/jsanta07/fNIRS2RL/Experiment/ParticipantData,/cluster/home/jsanta07/OfflineNeuroloop,Lunar__Active__Baseline-PER__finetune__binary__seed6__noise0.0__beta1.0__ft0.0
416,finetune,Lunar,configs/domains/lunar.yaml,Active,Baseline-PER,6,binary,neural.beta,5.0,configs/base.yaml,,/cluster/home/jsanta07/fNIRS2RL/Experiment/ParticipantData,/cluster/home/jsanta07/OfflineNeuroloop,Lunar__Active__Baseline-PER__finetune__binary__seed6__noise0.0__beta5.0__ft0.0
417,finetune,Lunar,configs/domains/lunar.yaml,Passive,Prioritization-PER,6,binary,neural.beta,0.5,configs/base.yaml,,/cluster/home/jsanta07/fNIRS2RL/Experiment/ParticipantData,/cluster/home/jsanta07/OfflineNeuroloop,Lunar__Passive__Prioritization-PER__finetune__binary__seed6__noise0.0__beta0.5__ft0.0
418,finetune,Lunar,configs/domains/lunar.yaml,Passive,Prioritization-PER,6,binary,neural.beta,1.0,configs/base.yaml,,/cluster/home/jsanta07/fNIRS2RL/Experiment/ParticipantData,/cluster/home/jsanta07/OfflineNeuroloop,Lunar__Passive__Prioritization-PER__finetune__binary__seed6__noise0.0__beta1.0__ft0.0
419,finetune,Lunar,configs/domains/lunar.yaml,Passive,Prioritization-PER,6,binary,neural.beta,5.0,configs/base.yaml,,/cluster/home/jsanta07/fNIRS2RL/Experiment/ParticipantData,/cluster/home/jsanta07/OfflineNeuroloop,Lunar__Passive__Prioritization-PER__finetune__binary__seed6__noise0.0__beta5.0__ft0.0
420,finetune,Lunar,configs/domains/lunar.yaml,Active,Prioritization-PER,6,binary,neural.beta,0.5,configs/base.yaml,,/cluster/home/jsanta07/fNIRS2RL/Experiment/ParticipantData,/cluster/home/jsanta07/OfflineNeuroloop,Lunar__Active__Prioritization-PER__finetune__binary__seed6__noise0.0__beta0.5__ft0.0
421,finetune,Lunar,configs/domains/lunar.yaml,Active,Prioritization-PER,6,binary,neural.beta,1.0,configs/base.yaml,,/cluster/home/jsanta07/fNIRS2RL/Experiment/ParticipantData,/cluster/home/jsanta07/OfflineNeuroloop,Lunar__Active__Prioritization-PER__finetune__binary__seed6__noise0.0__beta1.0__ft0.0
422,finetune,Lunar,configs/domains/lunar.yaml,Active,Prioritization-PER,6,binary,neural.beta,5.0,configs/base.yaml,,/cluster/home/jsanta07/fNIRS2RL/Experiment/ParticipantData,/cluster/home/jsanta07/OfflineNeuroloop,Lunar__Active__Prioritization-PER__finetune__binary__seed6__noise0.0__beta5.0__ft0.0
423,finetune,Lunar,configs/domains/lunar.yaml,Passive,Q-Augmentation-PER,6,binary,neural.beta,0.5,configs/base.yaml,,/cluster/home/jsanta07/fNIRS2RL/Experiment/ParticipantData,/cluster/home/jsanta07/OfflineNeuroloop,Lunar__Passive__Q-Augmentation-PER__finetune__binary__seed6__noise0.0__beta0.5__ft0.0
424,finetune,Lunar,configs/domains/lunar.yaml,Passive,Q-Augmentation-PER,6,binary,neural.beta,1.0,configs/base.yaml,,/cluster/home/jsanta07/fNIRS2RL/Experiment/ParticipantData,/cluster/home/jsanta07/OfflineNeuroloop,Lunar__Passive__Q-Augmentation-PER__finetune__binary__seed6__noise0.0__beta1.0__ft0.0
425,finetune,Lunar,configs/domains/lunar.yaml,Passive,Q-Augmentation-PER,6,binary,neural.beta,5.0,configs/base.yaml,,/cluster/home/jsanta07/fNIRS2RL/Experiment/ParticipantData,/cluster/home/jsanta07/OfflineNeuroloop,Lunar__Passive__Q-Augmentation-PER__finetune__binary__seed6__noise0.0__beta5.0__ft0.0
426,finetune,Lunar,configs/domains/lunar.yaml,Active,Q-Augmentation-PER,6,binary,neural.beta,0.5,configs/base.yaml,,/cluster/home/jsanta07/fNIRS2RL/Experiment/ParticipantData,/cluster/home/jsanta07/OfflineNeuroloop,Lunar__Active__Q-Augmentation-PER__finetune__binary__seed6__noise0.0__beta0.5__ft0.0
427,finetune,Lunar,configs/domains/lunar.yaml,Active,Q-Augmentation-PER,6,binary,neural.beta,1.0,configs/base.yaml,,/cluster/home/jsanta07/fNIRS2RL/Experiment/ParticipantData,/cluster/home/jsanta07/OfflineNeuroloop,Lunar__Active__Q-Augmentation-PER__finetune__binary__seed6__noise0.0__beta1.0__ft0.0
428,finetune,Lunar,configs/domains/lunar.yaml,Active,Q-Augmentation-PER,6,binary,neural.beta,5.0,configs/base.yaml,,/cluster/home/jsanta07/fNIRS2RL/Experiment/ParticipantData,/cluster/home/jsanta07/OfflineNeuroloop,Lunar__Active__Q-Augmentation-PER__finetune__binary__seed6__noise0.0__beta5.0__ft0.0
429,finetune,Lunar,configs/domains/lunar.yaml,Passive,Reward Augmentation-PER,6,binary,neural.beta,0.5,configs/base.yaml,,/cluster/home/jsanta07/fNIRS2RL/Experiment/ParticipantData,/cluster/home/jsanta07/OfflineNeuroloop,Lunar__Passive__Reward Augmentation-PER__finetune__binary__seed6__noise0.0__beta0.5__ft0.0
430,finetune,Lunar,configs/domains/lunar.yaml,Passive,Reward Augmentation-PER,6,binary,neural.beta,1.0,configs/base.yaml,,/cluster/home/jsanta07/fNIRS2RL/Experiment/ParticipantData,/cluster/home/jsanta07/OfflineNeuroloop,Lunar__Passive__Reward Augmentation-PER__finetune__binary__seed6__noise0.0__beta1.0__ft0.0
431,finetune,Lunar,configs/domains/lunar.yaml,Passive,Reward Augmentation-PER,6,binary,neural.beta,5.0,configs/base.yaml,,/cluster/home/jsanta07/fNIRS2RL/Experiment/ParticipantData,/cluster/home/jsanta07/OfflineNeuroloop,Lunar__Passive__Reward Augmentation-PER__finetune__binary__seed6__noise0.0__beta5.0__ft0.0
432,finetune,Lunar,configs/domains/lunar.yaml,Active,Reward Augmentation-PER,6,binary,neural.beta,0.5,configs/base.yaml,,/cluster/home/jsanta07/fNIRS2RL/Experiment/ParticipantData,/cluster/home/jsanta07/OfflineNeuroloop,Lunar__Active__Reward Augmentation-PER__finetune__binary__seed6__noise0.0__beta0.5__ft0.0
433,finetune,Lunar,configs/domains/lunar.yaml,Active,Reward Augmentation-PER,6,binary,neural.beta,1.0,configs/base.yaml,,/cluster/home/jsanta07/fNIRS2RL/Experiment/ParticipantData,/cluster/home/jsanta07/OfflineNeuroloop,Lunar__Active__Reward Augmentation-PER__finetune__binary__seed6__noise0.0__beta1.0__ft0.0
434,finetune,Lunar,configs/domains/lunar.yaml,Active,Reward Augmentation-PER,6,binary,neural.beta,5.0,configs/base.yaml,,/cluster/home/jsanta07/fNIRS2RL/Experiment/ParticipantData,/cluster/home/jsanta07/OfflineNeuroloop,Lunar__Active__Reward Augmentation-PER__finetune__binary__seed6__noise0.0__beta5.0__ft0.0
435,finetune,Lunar,configs/domains/lunar.yaml,Passive,All-PER,6,binary,neural.beta,0.5,configs/base.yaml,,/cluster/home/jsanta07/fNIRS2RL/Experiment/ParticipantData,/cluster/home/jsanta07/OfflineNeuroloop,Lunar__Passive__All-PER__finetune__binary__seed6__noise0.0__beta0.5__ft0.0
436,finetune,Lunar,configs/domains/lunar.yaml,Passive,All-PER,6,binary,neural.beta,1.0,configs/base.yaml,,/cluster/home/jsanta07/fNIRS2RL/Experiment/ParticipantData,/cluster/home/jsanta07/OfflineNeuroloop,Lunar__Passive__All-PER__finetune__binary__seed6__noise0.0__beta1.0__ft0.0
437,finetune,Lunar,configs/domains/lunar.yaml,Passive,All-PER,6,binary,neural.beta,5.0,configs/base.yaml,,/cluster/home/jsanta07/fNIRS2RL/Experiment/ParticipantData,/cluster/home/jsanta07/OfflineNeuroloop,Lunar__Passive__All-PER__finetune__binary__seed6__noise0.0__beta5.0__ft0.0
438,finetune,Lunar,configs/domains/lunar.yaml,Active,All-PER,6,binary,neural.beta,0.5,configs/base.yaml,,/cluster/home/jsanta07/fNIRS2RL/Experiment/ParticipantData,/cluster/home/jsanta07/OfflineNeuroloop,Lunar__Active__All-PER__finetune__binary__seed6__noise0.0__beta0.5__ft0.0
439,finetune,Lunar,configs/domains/lunar.yaml,Active,All-PER,6,binary,neural.beta,1.0,configs/base.yaml,,/cluster/home/jsanta07/fNIRS2RL/Experiment/ParticipantData,/cluster/home/jsanta07/OfflineNeuroloop,Lunar__Active__All-PER__finetune__binary__seed6__noise0.0__beta1.0__ft0.0
440,finetune,Lunar,configs/domains/lunar.yaml,Active,All-PER,6,binary,neural.beta,5.0,configs/base.yaml,,/cluster/home/jsanta07/fNIRS2RL/Experiment/ParticipantData,/cluster/home/jsanta07/OfflineNeuroloop,Lunar__Active__All-PER__finetune__binary__seed6__noise0.0__beta5.0__ft0.0
441,finetune,Lunar,configs/domains/lunar.yaml,Passive,Baseline-PER,7,binary,neural.beta,0.5,configs/base.yaml,,/cluster/home/jsanta07/fNIRS2RL/Experiment/ParticipantData,/cluster/home/jsanta07/OfflineNeuroloop,Lunar__Passive__Baseline-PER__finetune__binary__seed7__noise0.0__beta0.5__ft0.0
442,finetune,Lunar,configs/domains/lunar.yaml,Passive,Baseline-PER,7,binary,neural.beta,1.0,configs/base.yaml,,/cluster/home/jsanta07/fNIRS2RL/Experiment/ParticipantData,/cluster/home/jsanta07/OfflineNeuroloop,Lunar__Passive__Baseline-PER__finetune__binary__seed7__noise0.0__beta1.0__ft0.0
443,finetune,Lunar,configs/domains/lunar.yaml,Passive,Baseline-PER,7,binary,neural.beta,5.0,configs/base.yaml,,/cluster/home/jsanta07/fNIRS2RL/Experiment/ParticipantData,/cluster/home/jsanta07/OfflineNeuroloop,Lunar__Passive__Baseline-PER__finetune__binary__seed7__noise0.0__beta5.0__ft0.0
444,finetune,Lunar,configs/domains/lunar.yaml,Active,Baseline-PER,7,binary,neural.beta,0.5,configs/base.yaml,,/cluster/home/jsanta07/fNIRS2RL/Experiment/ParticipantData,/cluster/home/jsanta07/OfflineNeuroloop,Lunar__Active__Baseline-PER__finetune__binary__seed7__noise0.0__beta0.5__ft0.0
445,finetune,Lunar,configs/domains/lunar.yaml,Active,Baseline-PER,7,binary,neural.beta,1.0,configs/base.yaml,,/cluster/home/jsanta07/fNIRS2RL/Experiment/ParticipantData,/cluster/home/jsanta07/OfflineNeuroloop,Lunar__Active__Baseline-PER__finetune__binary__seed7__noise0.0__beta1.0__ft0.0
446,finetune,Lunar,configs/domains/lunar.yaml,Active,Baseline-PER,7,binary,neural.beta,5.0,configs/base.yaml,,/cluster/home/jsanta07/fNIRS2RL/Experiment/ParticipantData,/cluster/home/jsanta07/OfflineNeuroloop,Lunar__Active__Baseline-PER__finetune__binary__seed7__noise0.0__beta5.0__ft0.0
447,finetune,Lunar,configs/domains/lunar.yaml,Passive,Prioritization-PER,7,binary,neural.beta,0.5,configs/base.yaml,,/cluster/home/jsanta07/fNIRS2RL/Experiment/ParticipantData,/cluster/home/jsanta07/OfflineNeuroloop,Lunar__Passive__Prioritization-PER__finetune__binary__seed7__noise0.0__beta0.5__ft0.0
448,finetune,Lunar,configs/domains/lunar.yaml,Passive,Prioritization-PER,7,binary,neural.beta,1.0,configs/base.yaml,,/cluster/home/jsanta07/fNIRS2RL/Experiment/ParticipantData,/cluster/home/jsanta07/OfflineNeuroloop,Lunar__Passive__Prioritization-PER__finetune__binary__seed7__noise0.0__beta1.0__ft0.0
449,finetune,Lunar,configs/domains/lunar.yaml,Passive,Prioritization-PER,7,binary,neural.beta,5.0,configs/base.yaml,,/cluster/home/jsanta07/fNIRS2RL/Experiment/ParticipantData,/cluster/home/jsanta07/OfflineNeuroloop,Lunar__Passive__Prioritization-PER__finetune__binary__seed7__noise0.0__beta5.0__ft0.0
450,finetune,Lunar,configs/domains/lunar.yaml,Active,Prioritization-PER,7,binary,neural.beta,0.5,configs/base.yaml,,/cluster/home/jsanta07/fNIRS2RL/Experiment/ParticipantData,/cluster/home/jsanta07/OfflineNeuroloop,Lunar__Active__Prioritization-PER__finetune__binary__seed7__noise0.0__beta0.5__ft0.0
451,finetune,Lunar,configs/domains/lunar.yaml,Active,Prioritization-PER,7,binary,neural.beta,1.0,configs/base.yaml,,/cluster/home/jsanta07/fNIRS2RL/Experiment/ParticipantData,/cluster/home/jsanta07/OfflineNeuroloop,Lunar__Active__Prioritization-PER__finetune__binary__seed7__noise0.0__beta1.0__ft0.0
452,finetune,Lunar,configs/domains/lunar.yaml,Active,Prioritization-PER,7,binary,neural.beta,5.0,configs/base.yaml,,/cluster/home/jsanta07/fNIRS2RL/Experiment/ParticipantData,/cluster/home/jsanta07/OfflineNeuroloop,Lunar__Active__Prioritization-PER__finetune__binary__seed7__noise0.0__beta5.0__ft0.0
453,finetune,Lunar,configs/domains/lunar.yaml,Passive,Q-Augmentation-PER,7,binary,neural.beta,0.5,configs/base.yaml,,/cluster/home/jsanta07/fNIRS2RL/Experiment/ParticipantData,/cluster/home/jsanta07/OfflineNeuroloop,Lunar__Passive__Q-Augmentation-PER__finetune__binary__seed7__noise0.0__beta0.5__ft0.0
454,finetune,Lunar,configs/domains/lunar.yaml,Passive,Q-Augmentation-PER,7,binary,neural.beta,1.0,configs/base.yaml,,/cluster/home/jsanta07/fNIRS2RL/Experiment/ParticipantData,/cluster/home/jsanta07/OfflineNeuroloop,Lunar__Passive__Q-Augmentation-PER__finetune__binary__seed7__noise0.0__beta1.0__ft0.0
455,finetune,Lunar,configs/domains/lunar.yaml,Passive,Q-Augmentation-PER,7,binary,neural.beta,5.0,configs/base.yaml,,/cluster/home/jsanta07/fNIRS2RL/Experiment/ParticipantData,/cluster/home/jsanta07/OfflineNeuroloop,Lunar__Passive__Q-Augmentation-PER__finetune__binary__seed7__noise0.0__beta5.0__ft0.0
456,finetune,Lunar,configs/domains/lunar.yaml,Active,Q-Augmentation-PER,7,binary,neural.beta,0.5,configs/base.yaml,,/cluster/home/jsanta07/fNIRS2RL/Experiment/ParticipantData,/cluster/home/jsanta07/OfflineNeuroloop,Lunar__Active__Q-Augmentation-PER__finetune__binary__seed7__noise0.0__beta0.5__ft0.0
457,finetune,Lunar,configs/domains/lunar.yaml,Active,Q-Augmentation-PER,7,binary,neural.beta,1.0,configs/base.yaml,,/cluster/home/jsanta07/fNIRS2RL/Experiment/ParticipantData,/cluster/home/jsanta07/OfflineNeuroloop,Lunar__Active__Q-Augmentation-PER__finetune__binary__seed7__noise0.0__beta1.0__ft0.0
458,finetune,Lunar,configs/domains/lunar.yaml,Active,Q-Augmentation-PER,7,binary,neural.beta,5.0,configs/base.yaml,,/cluster/home/jsanta07/fNIRS2RL/Experiment/ParticipantData,/cluster/home/jsanta07/OfflineNeuroloop,Lunar__Active__Q-Augmentation-PER__finetune__binary__seed7__noise0.0__beta5.0__ft0.0
459,finetune,Lunar,configs/domains/lunar.yaml,Passive,Reward Augmentation-PER,7,binary,neural.beta,0.5,configs/base.yaml,,/cluster/home/jsanta07/fNIRS2RL/Experiment/ParticipantData,/cluster/home/jsanta07/OfflineNeuroloop,Lunar__Passive__Reward Augmentation-PER__finetune__binary__seed7__noise0.0__beta0.5__ft0.0
460,finetune,Lunar,configs/domains/lunar.yaml,Passive,Reward Augmentation-PER,7,binary,neural.beta,1.0,configs/base.yaml,,/cluster/home/jsanta07/fNIRS2RL/Experiment/ParticipantData,/cluster/home/jsanta07/OfflineNeuroloop,Lunar__Passive__Reward Augmentation-PER__finetune__binary__seed7__noise0.0__beta1.0__ft0.0
461,finetune,Lunar,configs/domains/lunar.yaml,Passive,Reward Augmentation-PER,7,binary,neural.beta,5.0,configs/base.yaml,,/cluster/home/jsanta07/fNIRS2RL/Experiment/ParticipantData,/cluster/home/jsanta07/OfflineNeuroloop,Lunar__Passive__Reward Augmentation-PER__finetune__binary__seed7__noise0.0__beta5.0__ft0.0
462,finetune,Lunar,configs/domains/lunar.yaml,Active,Reward Augmentation-PER,7,binary,neural.beta,0.5,configs/base.yaml,,/cluster/home/jsanta07/fNIRS2RL/Experiment/ParticipantData,/cluster/home/jsanta07/OfflineNeuroloop,Lunar__Active__Reward Augmentation-PER__finetune__binary__seed7__noise0.0__beta0.5__ft0.0
463,finetune,Lunar,configs/domains/lunar.yaml,Active,Reward Augmentation-PER,7,binary,neural.beta,1.0,configs/base.yaml,,/cluster/home/jsanta07/fNIRS2RL/Experiment/ParticipantData,/cluster/home/jsanta07/OfflineNeuroloop,Lunar__Active__Reward Augmentation-PER__finetune__binary__seed7__noise0.0__beta1.0__ft0.0
464,finetune,Lunar,configs/domains/lunar.yaml,Active,Reward Augmentation-PER,7,binary,neural.beta,5.0,configs/base.yaml,,/cluster/home/jsanta07/fNIRS2RL/Experiment/ParticipantData,/cluster/home/jsanta07/OfflineNeuroloop,Lunar__Active__Reward Augmentation-PER__finetune__binary__seed7__noise0.0__beta5.0__ft0.0
465,finetune,Lunar,configs/domains/lunar.yaml,Passive,All-PER,7,binary,neural.beta,0.5,configs/base.yaml,,/cluster/home/jsanta07/fNIRS2RL/Experiment/ParticipantData,/cluster/home/jsanta07/OfflineNeuroloop,Lunar__Passive__All-PER__finetune__binary__seed7__noise0.0__beta0.5__ft0.0
466,finetune,Lunar,configs/domains/lunar.yaml,Passive,All-PER,7,binary,neural.beta,1.0,configs/base.yaml,,/cluster/home/jsanta07/fNIRS2RL/Experiment/ParticipantData,/cluster/home/jsanta07/OfflineNeuroloop,Lunar__Passive__All-PER__finetune__binary__seed7__noise0.0__beta1.0__ft0.0
467,finetune,Lunar,configs/domains/lunar.yaml,Passive,All-PER,7,binary,neural.beta,5.0,configs/base.yaml,,/cluster/home/jsanta07/fNIRS2RL/Experiment/ParticipantData,/cluster/home/jsanta07/OfflineNeuroloop,Lunar__Passive__All-PER__finetune__binary__seed7__noise0.0__beta5.0__ft0.0
468,finetune,Lunar,configs/domains/lunar.yaml,Active,All-PER,7,binary,neural.beta,0.5,configs/base.yaml,,/cluster/home/jsanta07/fNIRS2RL/Experiment/ParticipantData,/cluster/home/jsanta07/OfflineNeuroloop,Lunar__Active__All-PER__finetune__binary__seed7__noise0.0__beta0.5__ft0.0
469,finetune,Lunar,configs/domains/lunar.yaml,Active,All-PER,7,binary,neural.beta,1.0,configs/base.yaml,,/cluster/home/jsanta07/fNIRS2RL/Experiment/ParticipantData,/cluster/home/jsanta07/OfflineNeuroloop,Lunar__Active__All-PER__finetune__binary__seed7__noise0.0__beta1.0__ft0.0
470,finetune,Lunar,configs/domains/lunar.yaml,Active,All-PER,7,binary,neural.beta,5.0,configs/base.yaml,,/cluster/home/jsanta07/fNIRS2RL/Experiment/ParticipantData,/cluster/home/jsanta07/OfflineNeuroloop,Lunar__Active__All-PER__finetune__binary__seed7__noise0.0__beta5.0__ft0.0
471,finetune,Lunar,configs/domains/lunar.yaml,Passive,Baseline-PER,8,binary,neural.beta,0.5,configs/base.yaml,,/cluster/home/jsanta07/fNIRS2RL/Experiment/ParticipantData,/cluster/home/jsanta07/OfflineNeuroloop,Lunar__Passive__Baseline-PER__finetune__binary__seed8__noise0.0__beta0.5__ft0.0
472,finetune,Lunar,configs/domains/lunar.yaml,Passive,Baseline-PER,8,binary,neural.beta,1.0,configs/base.yaml,,/cluster/home/jsanta07/fNIRS2RL/Experiment/ParticipantData,/cluster/home/jsanta07/OfflineNeuroloop,Lunar__Passive__Baseline-PER__finetune__binary__seed8__noise0.0__beta1.0__ft0.0
473,finetune,Lunar,configs/domains/lunar.yaml,Passive,Baseline-PER,8,binary,neural.beta,5.0,configs/base.yaml,,/cluster/home/jsanta07/fNIRS2RL/Experiment/ParticipantData,/cluster/home/jsanta07/OfflineNeuroloop,Lunar__Passive__Baseline-PER__finetune__binary__seed8__noise0.0__beta5.0__ft0.0
474,finetune,Lunar,configs/domains/lunar.yaml,Active,Baseline-PER,8,binary,neural.beta,0.5,configs/base.yaml,,/cluster/home/jsanta07/fNIRS2RL/Experiment/ParticipantData,/cluster/home/jsanta07/OfflineNeuroloop,Lunar__Active__Baseline-PER__finetune__binary__seed8__noise0.0__beta0.5__ft0.0
475,finetune,Lunar,configs/domains/lunar.yaml,Active,Baseline-PER,8,binary,neural.beta,1.0,configs/base.yaml,,/cluster/home/jsanta07/fNIRS2RL/Experiment/ParticipantData,/cluster/home/jsanta07/OfflineNeuroloop,Lunar__Active__Baseline-PER__finetune__binary__seed8__noise0.0__beta1.0__ft0.0
476,finetune,Lunar,configs/domains/lunar.yaml,Active,Baseline-PER,8,binary,neural.beta,5.0,configs/base.yaml,,/cluster/home/jsanta07/fNIRS2RL/Experiment/ParticipantData,/cluster/home/jsanta07/OfflineNeuroloop,Lunar__Active__Baseline-PER__finetune__binary__seed8__noise0.0__beta5.0__ft0.0
477,finetune,Lunar,configs/domains/lunar.yaml,Passive,Prioritization-PER,8,binary,neural.beta,0.5,configs/base.yaml,,/cluster/home/jsanta07/fNIRS2RL/Experiment/ParticipantData,/cluster/home/jsanta07/OfflineNeuroloop,Lunar__Passive__Prioritization-PER__finetune__binary__seed8__noise0.0__beta0.5__ft0.0
478,finetune,Lunar,configs/domains/lunar.yaml,Passive,Prioritization-PER,8,binary,neural.beta,1.0,configs/base.yaml,,/cluster/home/jsanta07/fNIRS2RL/Experiment/ParticipantData,/cluster/home/jsanta07/OfflineNeuroloop,Lunar__Passive__Prioritization-PER__finetune__binary__seed8__noise0.0__beta1.0__ft0.0
479,finetune,Lunar,configs/domains/lunar.yaml,Passive,Prioritization-PER,8,binary,neural.beta,5.0,configs/base.yaml,,/cluster/home/jsanta07/fNIRS2RL/Experiment/ParticipantData,/cluster/home/jsanta07/OfflineNeuroloop,Lunar__Passive__Prioritization-PER__finetune__binary__seed8__noise0.0__beta5.0__ft0.0
480,finetune,Lunar,configs/domains/lunar.yaml,Active,Prioritization-PER,8,binary,neural.beta,0.5,configs/base.yaml,,/cluster/home/jsanta07/fNIRS2RL/Experiment/ParticipantData,/cluster/home/jsanta07/OfflineNeuroloop,Lunar__Active__Prioritization-PER__finetune__binary__seed8__noise0.0__beta0.5__ft0.0
481,finetune,Lunar,configs/domains/lunar.yaml,Active,Prioritization-PER,8,binary,neural.beta,1.0,configs/base.yaml,,/cluster/home/jsanta07/fNIRS2RL/Experiment/ParticipantData,/cluster/home/jsanta07/OfflineNeuroloop,Lunar__Active__Prioritization-PER__finetune__binary__seed8__noise0.0__beta1.0__ft0.0
482,finetune,Lunar,configs/domains/lunar.yaml,Active,Prioritization-PER,8,binary,neural.beta,5.0,configs/base.yaml,,/cluster/home/jsanta07/fNIRS2RL/Experiment/ParticipantData,/cluster/home/jsanta07/OfflineNeuroloop,Lunar__Active__Prioritization-PER__finetune__binary__seed8__noise0.0__beta5.0__ft0.0
483,finetune,Lunar,configs/domains/lunar.yaml,Passive,Q-Augmentation-PER,8,binary,neural.beta,0.5,configs/base.yaml,,/cluster/home/jsanta07/fNIRS2RL/Experiment/ParticipantData,/cluster/home/jsanta07/OfflineNeuroloop,Lunar__Passive__Q-Augmentation-PER__finetune__binary__seed8__noise0.0__beta0.5__ft0.0
484,finetune,Lunar,configs/domains/lunar.yaml,Passive,Q-Augmentation-PER,8,binary,neural.beta,1.0,configs/base.yaml,,/cluster/home/jsanta07/fNIRS2RL/Experiment/ParticipantData,/cluster/home/jsanta07/OfflineNeuroloop,Lunar__Passive__Q-Augmentation-PER__finetune__binary__seed8__noise0.0__beta1.0__ft0.0
485,finetune,Lunar,configs/domains/lunar.yaml,Passive,Q-Augmentation-PER,8,binary,neural.beta,5.0,configs/base.yaml,,/cluster/home/jsanta07/fNIRS2RL/Experiment/ParticipantData,/cluster/home/jsanta07/OfflineNeuroloop,Lunar__Passive__Q-Augmentation-PER__finetune__binary__seed8__noise0.0__beta5.0__ft0.0
486,finetune,Lunar,configs/domains/lunar.yaml,Active,Q-Augmentation-PER,8,binary,neural.beta,0.5,configs/base.yaml,,/cluster/home/jsanta07/fNIRS2RL/Experiment/ParticipantData,/cluster/home/jsanta07/OfflineNeuroloop,Lunar__Active__Q-Augmentation-PER__finetune__binary__seed8__noise0.0__beta0.5__ft0.0
487,finetune,Lunar,configs/domains/lunar.yaml,Active,Q-Augmentation-PER,8,binary,neural.beta,1.0,configs/base.yaml,,/cluster/home/jsanta07/fNIRS2RL/Experiment/ParticipantData,/cluster/home/jsanta07/OfflineNeuroloop,Lunar__Active__Q-Augmentation-PER__finetune__binary__seed8__noise0.0__beta1.0__ft0.0
488,finetune,Lunar,configs/domains/lunar.yaml,Active,Q-Augmentation-PER,8,binary,neural.beta,5.0,configs/base.yaml,,/cluster/home/jsanta07/fNIRS2RL/Experiment/ParticipantData,/cluster/home/jsanta07/OfflineNeuroloop,Lunar__Active__Q-Augmentation-PER__finetune__binary__seed8__noise0.0__beta5.0__ft0.0
489,finetune,Lunar,configs/domains/lunar.yaml,Passive,Reward Augmentation-PER,8,binary,neural.beta,0.5,configs/base.yaml,,/cluster/home/jsanta07/fNIRS2RL/Experiment/ParticipantData,/cluster/home/jsanta07/OfflineNeuroloop,Lunar__Passive__Reward Augmentation-PER__finetune__binary__seed8__noise0.0__beta0.5__ft0.0
490,finetune,Lunar,configs/domains/lunar.yaml,Passive,Reward Augmentation-PER,8,binary,neural.beta,1.0,configs/base.yaml,,/cluster/home/jsanta07/fNIRS2RL/Experiment/ParticipantData,/cluster/home/jsanta07/OfflineNeuroloop,Lunar__Passive__Reward Augmentation-PER__finetune__binary__seed8__noise0.0__beta1.0__ft0.0
491,finetune,Lunar,configs/domains/lunar.yaml,Passive,Reward Augmentation-PER,8,binary,neural.beta,5.0,configs/base.yaml,,/cluster/home/jsanta07/fNIRS2RL/Experiment/ParticipantData,/cluster/home/jsanta07/OfflineNeuroloop,Lunar__Passive__Reward Augmentation-PER__finetune__binary__seed8__noise0.0__beta5.0__ft0.0
492,finetune,Lunar,configs/domains/lunar.yaml,Active,Reward Augmentation-PER,8,binary,neural.beta,0.5,configs/base.yaml,,/cluster/home/jsanta07/fNIRS2RL/Experiment/ParticipantData,/cluster/home/jsanta07/OfflineNeuroloop,Lunar__Active__Reward Augmentation-PER__finetune__binary__seed8__noise0.0__beta0.5__ft0.0
493,finetune,Lunar,configs/domains/lunar.yaml,Active,Reward Augmentation-PER,8,binary,neural.beta,1.0,configs/base.yaml,,/cluster/home/jsanta07/fNIRS2RL/Experiment/ParticipantData,/cluster/home/jsanta07/OfflineNeuroloop,Lunar__Active__Reward Augmentation-PER__finetune__binary__seed8__noise0.0__beta1.0__ft0.0
494,finetune,Lunar,configs/domains/lunar.yaml,Active,Reward Augmentation-PER,8,binary,neural.beta,5.0,configs/base.yaml,,/cluster/home/jsanta07/fNIRS2RL/Experiment/ParticipantData,/cluster/home/jsanta07/OfflineNeuroloop,Lunar__Active__Reward Augmentation-PER__finetune__binary__seed8__noise0.0__beta5.0__ft0.0
495,finetune,Lunar,configs/domains/lunar.yaml,Passive,All-PER,8,binary,neural.beta,0.5,configs/base.yaml,,/cluster/home/jsanta07/fNIRS2RL/Experiment/ParticipantData,/cluster/home/jsanta07/OfflineNeuroloop,Lunar__Passive__All-PER__finetune__binary__seed8__noise0.0__beta0.5__ft0.0
496,finetune,Lunar,configs/domains/lunar.yaml,Passive,All-PER,8,binary,neural.beta,1.0,configs/base.yaml,,/cluster/home/jsanta07/fNIRS2RL/Experiment/ParticipantData,/cluster/home/jsanta07/OfflineNeuroloop,Lunar__Passive__All-PER__finetune__binary__seed8__noise0.0__beta1.0__ft0.0
497,finetune,Lunar,configs/domains/lunar.yaml,Passive,All-PER,8,binary,neural.beta,5.0,configs/base.yaml,,/cluster/home/jsanta07/fNIRS2RL/Experiment/ParticipantData,/cluster/home/jsanta07/OfflineNeuroloop,Lunar__Passive__All-PER__finetune__binary__seed8__noise0.0__beta5.0__ft0.0
498,finetune,Lunar,configs/domains/lunar.yaml,Active,All-PER,8,binary,neural.beta,0.5,configs/base.yaml,,/cluster/home/jsanta07/fNIRS2RL/Experiment/ParticipantData,/cluster/home/jsanta07/OfflineNeuroloop,Lunar__Active__All-PER__finetune__binary__seed8__noise0.0__beta0.5__ft0.0
499,finetune,Lunar,configs/domains/lunar.yaml,Active,All-PER,8,binary,neural.beta,1.0,configs/base.yaml,,/cluster/home/jsanta07/fNIRS2RL/Experiment/ParticipantData,/cluster/home/jsanta07/OfflineNeuroloop,Lunar__Active__All-PER__finetune__binary__seed8__noise0.0__beta1.0__ft0.0
500,finetune,Lunar,configs/domains/lunar.yaml,Active,All-PER,8,binary,neural.beta,5.0,configs/base.yaml,,/cluster/home/jsanta07/fNIRS2RL/Experiment/ParticipantData,/cluster/home/jsanta07/OfflineNeuroloop,Lunar__Active__All-PER__finetune__binary__seed8__noise0.0__beta5.0__ft0.0
501,finetune,Lunar,configs/domains/lunar.yaml,Passive,Baseline-PER,9,binary,neural.beta,0.5,configs/base.yaml,,/cluster/home/jsanta07/fNIRS2RL/Experiment/ParticipantData,/cluster/home/jsanta07/OfflineNeuroloop,Lunar__Passive__Baseline-PER__finetune__binary__seed9__noise0.0__beta0.5__ft0.0
502,finetune,Lunar,configs/domains/lunar.yaml,Passive,Baseline-PER,9,binary,neural.beta,1.0,configs/base.yaml,,/cluster/home/jsanta07/fNIRS2RL/Experiment/ParticipantData,/cluster/home/jsanta07/OfflineNeuroloop,Lunar__Passive__Baseline-PER__finetune__binary__seed9__noise0.0__beta1.0__ft0.0
503,finetune,Lunar,configs/domains/lunar.yaml,Passive,Baseline-PER,9,binary,neural.beta,5.0,configs/base.yaml,,/cluster/home/jsanta07/fNIRS2RL/Experiment/ParticipantData,/cluster/home/jsanta07/OfflineNeuroloop,Lunar__Passive__Baseline-PER__finetune__binary__seed9__noise0.0__beta5.0__ft0.0
504,finetune,Lunar,configs/domains/lunar.yaml,Active,Baseline-PER,9,binary,neural.beta,0.5,configs/base.yaml,,/cluster/home/jsanta07/fNIRS2RL/Experiment/ParticipantData,/cluster/home/jsanta07/OfflineNeuroloop,Lunar__Active__Baseline-PER__finetune__binary__seed9__noise0.0__beta0.5__ft0.0
505,finetune,Lunar,configs/domains/lunar.yaml,Active,Baseline-PER,9,binary,neural.beta,1.0,configs/base.yaml,,/cluster/home/jsanta07/fNIRS2RL/Experiment/ParticipantData,/cluster/home/jsanta07/OfflineNeuroloop,Lunar__Active__Baseline-PER__finetune__binary__seed9__noise0.0__beta1.0__ft0.0
506,finetune,Lunar,configs/domains/lunar.yaml,Active,Baseline-PER,9,binary,neural.beta,5.0,configs/base.yaml,,/cluster/home/jsanta07/fNIRS2RL/Experiment/ParticipantData,/cluster/home/jsanta07/OfflineNeuroloop,Lunar__Active__Baseline-PER__finetune__binary__seed9__noise0.0__beta5.0__ft0.0
507,finetune,Lunar,configs/domains/lunar.yaml,Passive,Prioritization-PER,9,binary,neural.beta,0.5,configs/base.yaml,,/cluster/home/jsanta07/fNIRS2RL/Experiment/ParticipantData,/cluster/home/jsanta07/OfflineNeuroloop,Lunar__Passive__Prioritization-PER__finetune__binary__seed9__noise0.0__beta0.5__ft0.0
508,finetune,Lunar,configs/domains/lunar.yaml,Passive,Prioritization-PER,9,binary,neural.beta,1.0,configs/base.yaml,,/cluster/home/jsanta07/fNIRS2RL/Experiment/ParticipantData,/cluster/home/jsanta07/OfflineNeuroloop,Lunar__Passive__Prioritization-PER__finetune__binary__seed9__noise0.0__beta1.0__ft0.0
509,finetune,Lunar,configs/domains/lunar.yaml,Passive,Prioritization-PER,9,binary,neural.beta,5.0,configs/base.yaml,,/cluster/home/jsanta07/fNIRS2RL/Experiment/ParticipantData,/cluster/home/jsanta07/OfflineNeuroloop,Lunar__Passive__Prioritization-PER__finetune__binary__seed9__noise0.0__beta5.0__ft0.0
510,finetune,Lunar,configs/domains/lunar.yaml,Active,Prioritization-PER,9,binary,neural.beta,0.5,configs/base.yaml,,/cluster/home/jsanta07/fNIRS2RL/Experiment/ParticipantData,/cluster/home/jsanta07/OfflineNeuroloop,Lunar__Active__Prioritization-PER__finetune__binary__seed9__noise0.0__beta0.5__ft0.0
511,finetune,Lunar,configs/domains/lunar.yaml,Active,Prioritization-PER,9,binary,neural.beta,1.0,configs/base.yaml,,/cluster/home/jsanta07/fNIRS2RL/Experiment/ParticipantData,/cluster/home/jsanta07/OfflineNeuroloop,Lunar__Active__Prioritization-PER__finetune__binary__seed9__noise0.0__beta1.0__ft0.0
512,finetune,Lunar,configs/domains/lunar.yaml,Active,Prioritization-PER,9,binary,neural.beta,5.0,configs/base.yaml,,/cluster/home/jsanta07/fNIRS2RL/Experiment/ParticipantData,/cluster/home/jsanta07/OfflineNeuroloop,Lunar__Active__Prioritization-PER__finetune__binary__seed9__noise0.0__beta5.0__ft0.0
513,finetune,Lunar,configs/domains/lunar.yaml,Passive,Q-Augmentation-PER,9,binary,neural.beta,0.5,configs/base.yaml,,/cluster/home/jsanta07/fNIRS2RL/Experiment/ParticipantData,/cluster/home/jsanta07/OfflineNeuroloop,Lunar__Passive__Q-Augmentation-PER__finetune__binary__seed9__noise0.0__beta0.5__ft0.0
514,finetune,Lunar,configs/domains/lunar.yaml,Passive,Q-Augmentation-PER,9,binary,neural.beta,1.0,configs/base.yaml,,/cluster/home/jsanta07/fNIRS2RL/Experiment/ParticipantData,/cluster/home/jsanta07/OfflineNeuroloop,Lunar__Passive__Q-Augmentation-PER__finetune__binary__seed9__noise0.0__beta1.0__ft0.0
515,finetune,Lunar,configs/domains/lunar.yaml,Passive,Q-Augmentation-PER,9,binary,neural.beta,5.0,configs/base.yaml,,/cluster/home/jsanta07/fNIRS2RL/Experiment/ParticipantData,/cluster/home/jsanta07/OfflineNeuroloop,Lunar__Passive__Q-Augmentation-PER__finetune__binary__seed9__noise0.0__beta5.0__ft0.0
516,finetune,Lunar,configs/domains/lunar.yaml,Active,Q-Augmentation-PER,9,binary,neural.beta,0.5,configs/base.yaml,,/cluster/home/jsanta07/fNIRS2RL/Experiment/ParticipantData,/cluster/home/jsanta07/OfflineNeuroloop,Lunar__Active__Q-Augmentation-PER__finetune__binary__seed9__noise0.0__beta0.5__ft0.0
517,finetune,Lunar,configs/domains/lunar.yaml,Active,Q-Augmentation-PER,9,binary,neural.beta,1.0,configs/base.yaml,,/cluster/home/jsanta07/fNIRS2RL/Experiment/ParticipantData,/cluster/home/jsanta07/OfflineNeuroloop,Lunar__Active__Q-Augmentation-PER__finetune__binary__seed9__noise0.0__beta1.0__ft0.0
518,finetune,Lunar,configs/domains/lunar.yaml,Active,Q-Augmentation-PER,9,binary,neural.beta,5.0,configs/base.yaml,,/cluster/home/jsanta07/fNIRS2RL/Experiment/ParticipantData,/cluster/home/jsanta07/OfflineNeuroloop,Lunar__Active__Q-Augmentation-PER__finetune__binary__seed9__noise0.0__beta5.0__ft0.0
519,finetune,Lunar,configs/domains/lunar.yaml,Passive,Reward Augmentation-PER,9,binary,neural.beta,0.5,configs/base.yaml,,/cluster/home/jsanta07/fNIRS2RL/Experiment/ParticipantData,/cluster/home/jsanta07/OfflineNeuroloop,Lunar__Passive__Reward Augmentation-PER__finetune__binary__seed9__noise0.0__beta0.5__ft0.0
520,finetune,Lunar,configs/domains/lunar.yaml,Passive,Reward Augmentation-PER,9,binary,neural.beta,1.0,configs/base.yaml,,/cluster/home/jsanta07/fNIRS2RL/Experiment/ParticipantData,/cluster/home/jsanta07/OfflineNeuroloop,Lunar__Passive__Reward Augmentation-PER__finetune__binary__seed9__noise0.0__beta1.0__ft0.0
521,finetune,Lunar,configs/domains/lunar.yaml,Passive,Reward Augmentation-PER,9,binary,neural.beta,5.0,configs/base.yaml,,/cluster/home/jsanta07/fNIRS2RL/Experiment/ParticipantData,/cluster/home/jsanta07/OfflineNeuroloop,Lunar__Passive__Reward Augmentation-PER__finetune__binary__seed9__noise0.0__beta5.0__ft0.0
522,finetune,Lunar,configs/domains/lunar.yaml,Active,Reward Augmentation-PER,9,binary,neural.beta,0.5,configs/base.yaml,,/cluster/home/jsanta07/fNIRS2RL/Experiment/ParticipantData,/cluster/home/jsanta07/OfflineNeuroloop,Lunar__Active__Reward Augmentation-PER__finetune__binary__seed9__noise0.0__beta0.5__ft0.0
523,finetune,Lunar,configs/domains/lunar.yaml,Active,Reward Augmentation-PER,9,binary,neural.beta,1.0,configs/base.yaml,,/cluster/home/jsanta07/fNIRS2RL/Experiment/ParticipantData,/cluster/home/jsanta07/OfflineNeuroloop,Lunar__Active__Reward Augmentation-PER__finetune__binary__seed9__noise0.0__beta1.0__ft0.0
524,finetune,Lunar,configs/domains/lunar.yaml,Active,Reward Augmentation-PER,9,binary,neural.beta,5.0,configs/base.yaml,,/cluster/home/jsanta07/fNIRS2RL/Experiment/ParticipantData,/cluster/home/jsanta07/OfflineNeuroloop,Lunar__Active__Reward Augmentation-PER__finetune__binary__seed9__noise0.0__beta5.0__ft0.0
525,finetune,Lunar,configs/domains/lunar.yaml,Passive,All-PER,9,binary,neural.beta,0.5,configs/base.yaml,,/cluster/home/jsanta07/fNIRS2RL/Experiment/ParticipantData,/cluster/home/jsanta07/OfflineNeuroloop,Lunar__Passive__All-PER__finetune__binary__seed9__noise0.0__beta0.5__ft0.0
526,finetune,Lunar,configs/domains/lunar.yaml,Passive,All-PER,9,binary,neural.beta,1.0,configs/base.yaml,,/cluster/home/jsanta07/fNIRS2RL/Experiment/ParticipantData,/cluster/home/jsanta07/OfflineNeuroloop,Lunar__Passive__All-PER__finetune__binary__seed9__noise0.0__beta1.0__ft0.0
527,finetune,Lunar,configs/domains/lunar.yaml,Passive,All-PER,9,binary,neural.beta,5.0,configs/base.yaml,,/cluster/home/jsanta07/fNIRS2RL/Experiment/ParticipantData,/cluster/home/jsanta07/OfflineNeuroloop,Lunar__Passive__All-PER__finetune__binary__seed9__noise0.0__beta5.0__ft0.0
528,finetune,Lunar,configs/domains/lunar.yaml,Active,All-PER,9,binary,neural.beta,0.5,configs/base.yaml,,/cluster/home/jsanta07/fNIRS2RL/Experiment/ParticipantData,/cluster/home/jsanta07/OfflineNeuroloop,Lunar__Active__All-PER__finetune__binary__seed9__noise0.0__beta0.5__ft0.0
529,finetune,Lunar,configs/domains/lunar.yaml,Active,All-PER,9,binary,neural.beta,1.0,configs/base.yaml,,/cluster/home/jsanta07/fNIRS2RL/Experiment/ParticipantData,/cluster/home/jsanta07/OfflineNeuroloop,Lunar__Active__All-PER__finetune__binary__seed9__noise0.0__beta1.0__ft0.0
530,finetune,Lunar,configs/domains/lunar.yaml,Active,All-PER,9,binary,neural.beta,5.0,configs/base.yaml,,/cluster/home/jsanta07/fNIRS2RL/Experiment/ParticipantData,/cluster/home/jsanta07/OfflineNeuroloop,Lunar__Active__All-PER__finetune__binary__seed9__noise0.0__beta5.0__ft0.0
531,finetune,Lunar,configs/domains/lunar.yaml,Passive,Baseline-PER,10,binary,neural.beta,0.5,configs/base.yaml,,/cluster/home/jsanta07/fNIRS2RL/Experiment/ParticipantData,/cluster/home/jsanta07/OfflineNeuroloop,Lunar__Passive__Baseline-PER__finetune__binary__seed10__noise0.0__beta0.5__ft0.0
532,finetune,Lunar,configs/domains/lunar.yaml,Passive,Baseline-PER,10,binary,neural.beta,1.0,configs/base.yaml,,/cluster/home/jsanta07/fNIRS2RL/Experiment/ParticipantData,/cluster/home/jsanta07/OfflineNeuroloop,Lunar__Passive__Baseline-PER__finetune__binary__seed10__noise0.0__beta1.0__ft0.0
533,finetune,Lunar,configs/domains/lunar.yaml,Passive,Baseline-PER,10,binary,neural.beta,5.0,configs/base.yaml,,/cluster/home/jsanta07/fNIRS2RL/Experiment/ParticipantData,/cluster/home/jsanta07/OfflineNeuroloop,Lunar__Passive__Baseline-PER__finetune__binary__seed10__noise0.0__beta5.0__ft0.0
534,finetune,Lunar,configs/domains/lunar.yaml,Active,Baseline-PER,10,binary,neural.beta,0.5,configs/base.yaml,,/cluster/home/jsanta07/fNIRS2RL/Experiment/ParticipantData,/cluster/home/jsanta07/OfflineNeuroloop,Lunar__Active__Baseline-PER__finetune__binary__seed10__noise0.0__beta0.5__ft0.0
535,finetune,Lunar,configs/domains/lunar.yaml,Active,Baseline-PER,10,binary,neural.beta,1.0,configs/base.yaml,,/cluster/home/jsanta07/fNIRS2RL/Experiment/ParticipantData,/cluster/home/jsanta07/OfflineNeuroloop,Lunar__Active__Baseline-PER__finetune__binary__seed10__noise0.0__beta1.0__ft0.0
536,finetune,Lunar,configs/domains/lunar.yaml,Active,Baseline-PER,10,binary,neural.beta,5.0,configs/base.yaml,,/cluster/home/jsanta07/fNIRS2RL/Experiment/ParticipantData,/cluster/home/jsanta07/OfflineNeuroloop,Lunar__Active__Baseline-PER__finetune__binary__seed10__noise0.0__beta5.0__ft0.0
537,finetune,Lunar,configs/domains/lunar.yaml,Passive,Prioritization-PER,10,binary,neural.beta,0.5,configs/base.yaml,,/cluster/home/jsanta07/fNIRS2RL/Experiment/ParticipantData,/cluster/home/jsanta07/OfflineNeuroloop,Lunar__Passive__Prioritization-PER__finetune__binary__seed10__noise0.0__beta0.5__ft0.0
538,finetune,Lunar,configs/domains/lunar.yaml,Passive,Prioritization-PER,10,binary,neural.beta,1.0,configs/base.yaml,,/cluster/home/jsanta07/fNIRS2RL/Experiment/ParticipantData,/cluster/home/jsanta07/OfflineNeuroloop,Lunar__Passive__Prioritization-PER__finetune__binary__seed10__noise0.0__beta1.0__ft0.0
539,finetune,Lunar,configs/domains/lunar.yaml,Passive,Prioritization-PER,10,binary,neural.beta,5.0,configs/base.yaml,,/cluster/home/jsanta07/fNIRS2RL/Experiment/ParticipantData,/cluster/home/jsanta07/OfflineNeuroloop,Lunar__Passive__Prioritization-PER__finetune__binary__seed10__noise0.0__beta5.0__ft0.0
540,finetune,Lunar,configs/domains/lunar.yaml,Active,Prioritization-PER,10,binary,neural.beta,0.5,configs/base.yaml,,/cluster/home/jsanta07/fNIRS2RL/Experiment/ParticipantData,/cluster/home/jsanta07/OfflineNeuroloop,Lunar__Active__Prioritization-PER__finetune__binary__seed10__noise0.0__beta0.5__ft0.0
541,finetune,Lunar,configs/domains/lunar.yaml,Active,Prioritization-PER,10,binary,neural.beta,1.0,configs/base.yaml,,/cluster/home/jsanta07/fNIRS2RL/Experiment/ParticipantData,/cluster/home/jsanta07/OfflineNeuroloop,Lunar__Active__Prioritization-PER__finetune__binary__seed10__noise0.0__beta1.0__ft0.0
542,finetune,Lunar,configs/domains/lunar.yaml,Active,Prioritization-PER,10,binary,neural.beta,5.0,configs/base.yaml,,/cluster/home/jsanta07/fNIRS2RL/Experiment/ParticipantData,/cluster/home/jsanta07/OfflineNeuroloop,Lunar__Active__Prioritization-PER__finetune__binary__seed10__noise0.0__beta5.0__ft0.0
543,finetune,Lunar,configs/domains/lunar.yaml,Passive,Q-Augmentation-PER,10,binary,neural.beta,0.5,configs/base.yaml,,/cluster/home/jsanta07/fNIRS2RL/Experiment/ParticipantData,/cluster/home/jsanta07/OfflineNeuroloop,Lunar__Passive__Q-Augmentation-PER__finetune__binary__seed10__noise0.0__beta0.5__ft0.0
544,finetune,Lunar,configs/domains/lunar.yaml,Passive,Q-Augmentation-PER,10,binary,neural.beta,1.0,configs/base.yaml,,/cluster/home/jsanta07/fNIRS2RL/Experiment/ParticipantData,/cluster/home/jsanta07/OfflineNeuroloop,Lunar__Passive__Q-Augmentation-PER__finetune__binary__seed10__noise0.0__beta1.0__ft0.0
545,finetune,Lunar,configs/domains/lunar.yaml,Passive,Q-Augmentation-PER,10,binary,neural.beta,5.0,configs/base.yaml,,/cluster/home/jsanta07/fNIRS2RL/Experiment/ParticipantData,/cluster/home/jsanta07/OfflineNeuroloop,Lunar__Passive__Q-Augmentation-PER__finetune__binary__seed10__noise0.0__beta5.0__ft0.0
546,finetune,Lunar,configs/domains/lunar.yaml,Active,Q-Augmentation-PER,10,binary,neural.beta,0.5,configs/base.yaml,,/cluster/home/jsanta07/fNIRS2RL/Experiment/ParticipantData,/cluster/home/jsanta07/OfflineNeuroloop,Lunar__Active__Q-Augmentation-PER__finetune__binary__seed10__noise0.0__beta0.5__ft0.0
547,finetune,Lunar,configs/domains/lunar.yaml,Active,Q-Augmentation-PER,10,binary,neural.beta,1.0,configs/base.yaml,,/cluster/home/jsanta07/fNIRS2RL/Experiment/ParticipantData,/cluster/home/jsanta07/OfflineNeuroloop,Lunar__Active__Q-Augmentation-PER__finetune__binary__seed10__noise0.0__beta1.0__ft0.0
548,finetune,Lunar,configs/domains/lunar.yaml,Active,Q-Augmentation-PER,10,binary,neural.beta,5.0,configs/base.yaml,,/cluster/home/jsanta07/fNIRS2RL/Experiment/ParticipantData,/cluster/home/jsanta07/OfflineNeuroloop,Lunar__Active__Q-Augmentation-PER__finetune__binary__seed10__noise0.0__beta5.0__ft0.0
549,finetune,Lunar,configs/domains/lunar.yaml,Passive,Reward Augmentation-PER,10,binary,neural.beta,0.5,configs/base.yaml,,/cluster/home/jsanta07/fNIRS2RL/Experiment/ParticipantData,/cluster/home/jsanta07/OfflineNeuroloop,Lunar__Passive__Reward Augmentation-PER__finetune__binary__seed10__noise0.0__beta0.5__ft0.0
550,finetune,Lunar,configs/domains/lunar.yaml,Passive,Reward Augmentation-PER,10,binary,neural.beta,1.0,configs/base.yaml,,/cluster/home/jsanta07/fNIRS2RL/Experiment/ParticipantData,/cluster/home/jsanta07/OfflineNeuroloop,Lunar__Passive__Reward Augmentation-PER__finetune__binary__seed10__noise0.0__beta1.0__ft0.0
551,finetune,Lunar,configs/domains/lunar.yaml,Passive,Reward Augmentation-PER,10,binary,neural.beta,5.0,configs/base.yaml,,/cluster/home/jsanta07/fNIRS2RL/Experiment/ParticipantData,/cluster/home/jsanta07/OfflineNeuroloop,Lunar__Passive__Reward Augmentation-PER__finetune__binary__seed10__noise0.0__beta5.0__ft0.0
552,finetune,Lunar,configs/domains/lunar.yaml,Active,Reward Augmentation-PER,10,binary,neural.beta,0.5,configs/base.yaml,,/cluster/home/jsanta07/fNIRS2RL/Experiment/ParticipantData,/cluster/home/jsanta07/OfflineNeuroloop,Lunar__Active__Reward Augmentation-PER__finetune__binary__seed10__noise0.0__beta0.5__ft0.0
553,finetune,Lunar,configs/domains/lunar.yaml,Active,Reward Augmentation-PER,10,binary,neural.beta,1.0,configs/base.yaml,,/cluster/home/jsanta07/fNIRS2RL/Experiment/ParticipantData,/cluster/home/jsanta07/OfflineNeuroloop,Lunar__Active__Reward Augmentation-PER__finetune__binary__seed10__noise0.0__beta1.0__ft0.0
554,finetune,Lunar,configs/domains/lunar.yaml,Active,Reward Augmentation-PER,10,binary,neural.beta,5.0,configs/base.yaml,,/cluster/home/jsanta07/fNIRS2RL/Experiment/ParticipantData,/cluster/home/jsanta07/OfflineNeuroloop,Lunar__Active__Reward Augmentation-PER__finetune__binary__seed10__noise0.0__beta5.0__ft0.0
555,finetune,Lunar,configs/domains/lunar.yaml,Passive,All-PER,10,binary,neural.beta,0.5,configs/base.yaml,,/cluster/home/jsanta07/fNIRS2RL/Experiment/ParticipantData,/cluster/home/jsanta07/OfflineNeuroloop,Lunar__Passive__All-PER__finetune__binary__seed10__noise0.0__beta0.5__ft0.0
556,finetune,Lunar,configs/domains/lunar.yaml,Passive,All-PER,10,binary,neural.beta,1.0,configs/base.yaml,,/cluster/home/jsanta07/fNIRS2RL/Experiment/ParticipantData,/cluster/home/jsanta07/OfflineNeuroloop,Lunar__Passive__All-PER__finetune__binary__seed10__noise0.0__beta1.0__ft0.0
557,finetune,Lunar,configs/domains/lunar.yaml,Passive,All-PER,10,binary,neural.beta,5.0,configs/base.yaml,,/cluster/home/jsanta07/fNIRS2RL/Experiment/ParticipantData,/cluster/home/jsanta07/OfflineNeuroloop,Lunar__Passive__All-PER__finetune__binary__seed10__noise0.0__beta5.0__ft0.0
558,finetune,Lunar,configs/domains/lunar.yaml,Active,All-PER,10,binary,neural.beta,0.5,configs/base.yaml,,/cluster/home/jsanta07/fNIRS2RL/Experiment/ParticipantData,/cluster/home/jsanta07/OfflineNeuroloop,Lunar__Active__All-PER__finetune__binary__seed10__noise0.0__beta0.5__ft0.0
559,finetune,Lunar,configs/domains/lunar.yaml,Active,All-PER,10,binary,neural.beta,1.0,configs/base.yaml,,/cluster/home/jsanta07/fNIRS2RL/Experiment/ParticipantData,/cluster/home/jsanta07/OfflineNeuroloop,Lunar__Active__All-PER__finetune__binary__seed10__noise0.0__beta1.0__ft0.0
560,finetune,Lunar,configs/domains/lunar.yaml,Active,All-PER,10,binary,neural.beta,5.0,configs/base.yaml,,/cluster/home/jsanta07/fNIRS2RL/Experiment/ParticipantData,/cluster/home/jsanta07/OfflineNeuroloop,Lunar__Active__All-PER__finetune__binary__seed10__noise0.0__beta5.0__ft0.0
561,finetune,Lunar,configs/domains/lunar.yaml,Passive,Baseline-PER,1,binary,experiment.finetune_threshold,0.0,configs/base.yaml,,/cluster/home/jsanta07/fNIRS2RL/Experiment/ParticipantData,/cluster/home/jsanta07/OfflineNeuroloop,Lunar__Passive__Baseline-PER__finetune__binary__seed1__noise0.0__beta1.0__ft0.0
562,finetune,Lunar,configs/domains/lunar.yaml,Active,Baseline-PER,1,binary,experiment.finetune_threshold,0.0,configs/base.yaml,,/cluster/home/jsanta07/fNIRS2RL/Experiment/ParticipantData,/cluster/home/jsanta07/OfflineNeuroloop,Lunar__Active__Baseline-PER__finetune__binary__seed1__noise0.0__beta1.0__ft0.0
563,finetune,Lunar,configs/domains/lunar.yaml,Passive,Prioritization-PER,1,binary,experiment.finetune_threshold,0.0,configs/base.yaml,,/cluster/home/jsanta07/fNIRS2RL/Experiment/ParticipantData,/cluster/home/jsanta07/OfflineNeuroloop,Lunar__Passive__Prioritization-PER__finetune__binary__seed1__noise0.0__beta1.0__ft0.0
564,finetune,Lunar,configs/domains/lunar.yaml,Active,Prioritization-PER,1,binary,experiment.finetune_threshold,0.0,configs/base.yaml,,/cluster/home/jsanta07/fNIRS2RL/Experiment/ParticipantData,/cluster/home/jsanta07/OfflineNeuroloop,Lunar__Active__Prioritization-PER__finetune__binary__seed1__noise0.0__beta1.0__ft0.0
565,finetune,Lunar,configs/domains/lunar.yaml,Passive,Q-Augmentation-PER,1,binary,experiment.finetune_threshold,0.0,configs/base.yaml,,/cluster/home/jsanta07/fNIRS2RL/Experiment/ParticipantData,/cluster/home/jsanta07/OfflineNeuroloop,Lunar__Passive__Q-Augmentation-PER__finetune__binary__seed1__noise0.0__beta1.0__ft0.0
566,finetune,Lunar,configs/domains/lunar.yaml,Active,Q-Augmentation-PER,1,binary,experiment.finetune_threshold,0.0,configs/base.yaml,,/cluster/home/jsanta07/fNIRS2RL/Experiment/ParticipantData,/cluster/home/jsanta07/OfflineNeuroloop,Lunar__Active__Q-Augmentation-PER__finetune__binary__seed1__noise0.0__beta1.0__ft0.0
567,finetune,Lunar,configs/domains/lunar.yaml,Passive,Reward Augmentation-PER,1,binary,experiment.finetune_threshold,0.0,configs/base.yaml,,/cluster/home/jsanta07/fNIRS2RL/Experiment/ParticipantData,/cluster/home/jsanta07/OfflineNeuroloop,Lunar__Passive__Reward Augmentation-PER__finetune__binary__seed1__noise0.0__beta1.0__ft0.0
568,finetune,Lunar,configs/domains/lunar.yaml,Active,Reward Augmentation-PER,1,binary,experiment.finetune_threshold,0.0,configs/base.yaml,,/cluster/home/jsanta07/fNIRS2RL/Experiment/ParticipantData,/cluster/home/jsanta07/OfflineNeuroloop,Lunar__Active__Reward Augmentation-PER__finetune__binary__seed1__noise0.0__beta1.0__ft0.0
569,finetune,Lunar,configs/domains/lunar.yaml,Passive,All-PER,1,binary,experiment.finetune_threshold,0.0,configs/base.yaml,,/cluster/home/jsanta07/fNIRS2RL/Experiment/ParticipantData,/cluster/home/jsanta07/OfflineNeuroloop,Lunar__Passive__All-PER__finetune__binary__seed1__noise0.0__beta1.0__ft0.0
570,finetune,Lunar,configs/domains/lunar.yaml,Active,All-PER,1,binary,experiment.finetune_threshold,0.0,configs/base.yaml,,/cluster/home/jsanta07/fNIRS2RL/Experiment/ParticipantData,/cluster/home/jsanta07/OfflineNeuroloop,Lunar__Active__All-PER__finetune__binary__seed1__noise0.0__beta1.0__ft0.0
571,finetune,Lunar,configs/domains/lunar.yaml,Passive,Baseline-PER,2,binary,experiment.finetune_threshold,0.0,configs/base.yaml,,/cluster/home/jsanta07/fNIRS2RL/Experiment/ParticipantData,/cluster/home/jsanta07/OfflineNeuroloop,Lunar__Passive__Baseline-PER__finetune__binary__seed2__noise0.0__beta1.0__ft0.0
572,finetune,Lunar,configs/domains/lunar.yaml,Active,Baseline-PER,2,binary,experiment.finetune_threshold,0.0,configs/base.yaml,,/cluster/home/jsanta07/fNIRS2RL/Experiment/ParticipantData,/cluster/home/jsanta07/OfflineNeuroloop,Lunar__Active__Baseline-PER__finetune__binary__seed2__noise0.0__beta1.0__ft0.0
573,finetune,Lunar,configs/domains/lunar.yaml,Passive,Prioritization-PER,2,binary,experiment.finetune_threshold,0.0,configs/base.yaml,,/cluster/home/jsanta07/fNIRS2RL/Experiment/ParticipantData,/cluster/home/jsanta07/OfflineNeuroloop,Lunar__Passive__Prioritization-PER__finetune__binary__seed2__noise0.0__beta1.0__ft0.0
574,finetune,Lunar,configs/domains/lunar.yaml,Active,Prioritization-PER,2,binary,experiment.finetune_threshold,0.0,configs/base.yaml,,/cluster/home/jsanta07/fNIRS2RL/Experiment/ParticipantData,/cluster/home/jsanta07/OfflineNeuroloop,Lunar__Active__Prioritization-PER__finetune__binary__seed2__noise0.0__beta1.0__ft0.0
575,finetune,Lunar,configs/domains/lunar.yaml,Passive,Q-Augmentation-PER,2,binary,experiment.finetune_threshold,0.0,configs/base.yaml,,/cluster/home/jsanta07/fNIRS2RL/Experiment/ParticipantData,/cluster/home/jsanta07/OfflineNeuroloop,Lunar__Passive__Q-Augmentation-PER__finetune__binary__seed2__noise0.0__beta1.0__ft0.0
576,finetune,Lunar,configs/domains/lunar.yaml,Active,Q-Augmentation-PER,2,binary,experiment.finetune_threshold,0.0,configs/base.yaml,,/cluster/home/jsanta07/fNIRS2RL/Experiment/ParticipantData,/cluster/home/jsanta07/OfflineNeuroloop,Lunar__Active__Q-Augmentation-PER__finetune__binary__seed2__noise0.0__beta1.0__ft0.0
577,finetune,Lunar,configs/domains/lunar.yaml,Passive,Reward Augmentation-PER,2,binary,experiment.finetune_threshold,0.0,configs/base.yaml,,/cluster/home/jsanta07/fNIRS2RL/Experiment/ParticipantData,/cluster/home/jsanta07/OfflineNeuroloop,Lunar__Passive__Reward Augmentation-PER__finetune__binary__seed2__noise0.0__beta1.0__ft0.0
578,finetune,Lunar,configs/domains/lunar.yaml,Active,Reward Augmentation-PER,2,binary,experiment.finetune_threshold,0.0,configs/base.yaml,,/cluster/home/jsanta07/fNIRS2RL/Experiment/ParticipantData,/cluster/home/jsanta07/OfflineNeuroloop,Lunar__Active__Reward Augmentation-PER__finetune__binary__seed2__noise0.0__beta1.0__ft0.0
579,finetune,Lunar,configs/domains/lunar.yaml,Passive,All-PER,2,binary,experiment.finetune_threshold,0.0,configs/base.yaml,,/cluster/home/jsanta07/fNIRS2RL/Experiment/ParticipantData,/cluster/home/jsanta07/OfflineNeuroloop,Lunar__Passive__All-PER__finetune__binary__seed2__noise0.0__beta1.0__ft0.0
580,finetune,Lunar,configs/domains/lunar.yaml,Active,All-PER,2,binary,experiment.finetune_threshold,0.0,configs/base.yaml,,/cluster/home/jsanta07/fNIRS2RL/Experiment/ParticipantData,/cluster/home/jsanta07/OfflineNeuroloop,Lunar__Active__All-PER__finetune__binary__seed2__noise0.0__beta1.0__ft0.0
581,finetune,Lunar,configs/domains/lunar.yaml,Passive,Baseline-PER,3,binary,experiment.finetune_threshold,0.0,configs/base.yaml,,/cluster/home/jsanta07/fNIRS2RL/Experiment/ParticipantData,/cluster/home/jsanta07/OfflineNeuroloop,Lunar__Passive__Baseline-PER__finetune__binary__seed3__noise0.0__beta1.0__ft0.0
582,finetune,Lunar,configs/domains/lunar.yaml,Active,Baseline-PER,3,binary,experiment.finetune_threshold,0.0,configs/base.yaml,,/cluster/home/jsanta07/fNIRS2RL/Experiment/ParticipantData,/cluster/home/jsanta07/OfflineNeuroloop,Lunar__Active__Baseline-PER__finetune__binary__seed3__noise0.0__beta1.0__ft0.0
583,finetune,Lunar,configs/domains/lunar.yaml,Passive,Prioritization-PER,3,binary,experiment.finetune_threshold,0.0,configs/base.yaml,,/cluster/home/jsanta07/fNIRS2RL/Experiment/ParticipantData,/cluster/home/jsanta07/OfflineNeuroloop,Lunar__Passive__Prioritization-PER__finetune__binary__seed3__noise0.0__beta1.0__ft0.0
584,finetune,Lunar,configs/domains/lunar.yaml,Active,Prioritization-PER,3,binary,experiment.finetune_threshold,0.0,configs/base.yaml,,/cluster/home/jsanta07/fNIRS2RL/Experiment/ParticipantData,/cluster/home/jsanta07/OfflineNeuroloop,Lunar__Active__Prioritization-PER__finetune__binary__seed3__noise0.0__beta1.0__ft0.0
585,finetune,Lunar,configs/domains/lunar.yaml,Passive,Q-Augmentation-PER,3,binary,experiment.finetune_threshold,0.0,configs/base.yaml,,/cluster/home/jsanta07/fNIRS2RL/Experiment/ParticipantData,/cluster/home/jsanta07/OfflineNeuroloop,Lunar__Passive__Q-Augmentation-PER__finetune__binary__seed3__noise0.0__beta1.0__ft0.0
586,finetune,Lunar,configs/domains/lunar.yaml,Active,Q-Augmentation-PER,3,binary,experiment.finetune_threshold,0.0,configs/base.yaml,,/cluster/home/jsanta07/fNIRS2RL/Experiment/ParticipantData,/cluster/home/jsanta07/OfflineNeuroloop,Lunar__Active__Q-Augmentation-PER__finetune__binary__seed3__noise0.0__beta1.0__ft0.0
587,finetune,Lunar,configs/domains/lunar.yaml,Passive,Reward Augmentation-PER,3,binary,experiment.finetune_threshold,0.0,configs/base.yaml,,/cluster/home/jsanta07/fNIRS2RL/Experiment/ParticipantData,/cluster/home/jsanta07/OfflineNeuroloop,Lunar__Passive__Reward Augmentation-PER__finetune__binary__seed3__noise0.0__beta1.0__ft0.0
588,finetune,Lunar,configs/domains/lunar.yaml,Active,Reward Augmentation-PER,3,binary,experiment.finetune_threshold,0.0,configs/base.yaml,,/cluster/home/jsanta07/fNIRS2RL/Experiment/ParticipantData,/cluster/home/jsanta07/OfflineNeuroloop,Lunar__Active__Reward Augmentation-PER__finetune__binary__seed3__noise0.0__beta1.0__ft0.0
589,finetune,Lunar,configs/domains/lunar.yaml,Passive,All-PER,3,binary,experiment.finetune_threshold,0.0,configs/base.yaml,,/cluster/home/jsanta07/fNIRS2RL/Experiment/ParticipantData,/cluster/home/jsanta07/OfflineNeuroloop,Lunar__Passive__All-PER__finetune__binary__seed3__noise0.0__beta1.0__ft0.0
590,finetune,Lunar,configs/domains/lunar.yaml,Active,All-PER,3,binary,experiment.finetune_threshold,0.0,configs/base.yaml,,/cluster/home/jsanta07/fNIRS2RL/Experiment/ParticipantData,/cluster/home/jsanta07/OfflineNeuroloop,Lunar__Active__All-PER__finetune__binary__seed3__noise0.0__beta1.0__ft0.0
591,finetune,Lunar,configs/domains/lunar.yaml,Passive,Baseline-PER,4,binary,experiment.finetune_threshold,0.0,configs/base.yaml,,/cluster/home/jsanta07/fNIRS2RL/Experiment/ParticipantData,/cluster/home/jsanta07/OfflineNeuroloop,Lunar__Passive__Baseline-PER__finetune__binary__seed4__noise0.0__beta1.0__ft0.0
592,finetune,Lunar,configs/domains/lunar.yaml,Active,Baseline-PER,4,binary,experiment.finetune_threshold,0.0,configs/base.yaml,,/cluster/home/jsanta07/fNIRS2RL/Experiment/ParticipantData,/cluster/home/jsanta07/OfflineNeuroloop,Lunar__Active__Baseline-PER__finetune__binary__seed4__noise0.0__beta1.0__ft0.0
593,finetune,Lunar,configs/domains/lunar.yaml,Passive,Prioritization-PER,4,binary,experiment.finetune_threshold,0.0,configs/base.yaml,,/cluster/home/jsanta07/fNIRS2RL/Experiment/ParticipantData,/cluster/home/jsanta07/OfflineNeuroloop,Lunar__Passive__Prioritization-PER__finetune__binary__seed4__noise0.0__beta1.0__ft0.0
594,finetune,Lunar,configs/domains/lunar.yaml,Active,Prioritization-PER,4,binary,experiment.finetune_threshold,0.0,configs/base.yaml,,/cluster/home/jsanta07/fNIRS2RL/Experiment/ParticipantData,/cluster/home/jsanta07/OfflineNeuroloop,Lunar__Active__Prioritization-PER__finetune__binary__seed4__noise0.0__beta1.0__ft0.0
595,finetune,Lunar,configs/domains/lunar.yaml,Passive,Q-Augmentation-PER,4,binary,experiment.finetune_threshold,0.0,configs/base.yaml,,/cluster/home/jsanta07/fNIRS2RL/Experiment/ParticipantData,/cluster/home/jsanta07/OfflineNeuroloop,Lunar__Passive__Q-Augmentation-PER__finetune__binary__seed4__noise0.0__beta1.0__ft0.0
596,finetune,Lunar,configs/domains/lunar.yaml,Active,Q-Augmentation-PER,4,binary,experiment.finetune_threshold,0.0,configs/base.yaml,,/cluster/home/jsanta07/fNIRS2RL/Experiment/ParticipantData,/cluster/home/jsanta07/OfflineNeuroloop,Lunar__Active__Q-Augmentation-PER__finetune__binary__seed4__noise0.0__beta1.0__ft0.0
597,finetune,Lunar,configs/domains/lunar.yaml,Passive,Reward Augmentation-PER,4,binary,experiment.finetune_threshold,0.0,configs/base.yaml,,/cluster/home/jsanta07/fNIRS2RL/Experiment/ParticipantData,/cluster/home/jsanta07/OfflineNeuroloop,Lunar__Passive__Reward Augmentation-PER__finetune__binary__seed4__noise0.0__beta1.0__ft0.0
598,finetune,Lunar,configs/domains/lunar.yaml,Active,Reward Augmentation-PER,4,binary,experiment.finetune_threshold,0.0,configs/base.yaml,,/cluster/home/jsanta07/fNIRS2RL/Experiment/ParticipantData,/cluster/home/jsanta07/OfflineNeuroloop,Lunar__Active__Reward Augmentation-PER__finetune__binary__seed4__noise0.0__beta1.0__ft0.0
599,finetune,Lunar,configs/domains/lunar.yaml,Passive,All-PER,4,binary,experiment.finetune_threshold,0.0,configs/base.yaml,,/cluster/home/jsanta07/fNIRS2RL/Experiment/ParticipantData,/cluster/home/jsanta07/OfflineNeuroloop,Lunar__Passive__All-PER__finetune__binary__seed4__noise0.0__beta1.0__ft0.0
600,finetune,Lunar,configs/domains/lunar.yaml,Active,All-PER,4,binary,experiment.finetune_threshold,0.0,configs/base.yaml,,/cluster/home/jsanta07/fNIRS2RL/Experiment/ParticipantData,/cluster/home/jsanta07/OfflineNeuroloop,Lunar__Active__All-PER__finetune__binary__seed4__noise0.0__beta1.0__ft0.0
601,finetune,Lunar,configs/domains/lunar.yaml,Passive,Baseline-PER,5,binary,experiment.finetune_threshold,0.0,configs/base.yaml,,/cluster/home/jsanta07/fNIRS2RL/Experiment/ParticipantData,/cluster/home/jsanta07/OfflineNeuroloop,Lunar__Passive__Baseline-PER__finetune__binary__seed5__noise0.0__beta1.0__ft0.0
602,finetune,Lunar,configs/domains/lunar.yaml,Active,Baseline-PER,5,binary,experiment.finetune_threshold,0.0,configs/base.yaml,,/cluster/home/jsanta07/fNIRS2RL/Experiment/ParticipantData,/cluster/home/jsanta07/OfflineNeuroloop,Lunar__Active__Baseline-PER__finetune__binary__seed5__noise0.0__beta1.0__ft0.0
603,finetune,Lunar,configs/domains/lunar.yaml,Passive,Prioritization-PER,5,binary,experiment.finetune_threshold,0.0,configs/base.yaml,,/cluster/home/jsanta07/fNIRS2RL/Experiment/ParticipantData,/cluster/home/jsanta07/OfflineNeuroloop,Lunar__Passive__Prioritization-PER__finetune__binary__seed5__noise0.0__beta1.0__ft0.0
604,finetune,Lunar,configs/domains/lunar.yaml,Active,Prioritization-PER,5,binary,experiment.finetune_threshold,0.0,configs/base.yaml,,/cluster/home/jsanta07/fNIRS2RL/Experiment/ParticipantData,/cluster/home/jsanta07/OfflineNeuroloop,Lunar__Active__Prioritization-PER__finetune__binary__seed5__noise0.0__beta1.0__ft0.0
605,finetune,Lunar,configs/domains/lunar.yaml,Passive,Q-Augmentation-PER,5,binary,experiment.finetune_threshold,0.0,configs/base.yaml,,/cluster/home/jsanta07/fNIRS2RL/Experiment/ParticipantData,/cluster/home/jsanta07/OfflineNeuroloop,Lunar__Passive__Q-Augmentation-PER__finetune__binary__seed5__noise0.0__beta1.0__ft0.0
606,finetune,Lunar,configs/domains/lunar.yaml,Active,Q-Augmentation-PER,5,binary,experiment.finetune_threshold,0.0,configs/base.yaml,,/cluster/home/jsanta07/fNIRS2RL/Experiment/ParticipantData,/cluster/home/jsanta07/OfflineNeuroloop,Lunar__Active__Q-Augmentation-PER__finetune__binary__seed5__noise0.0__beta1.0__ft0.0
607,finetune,Lunar,configs/domains/lunar.yaml,Passive,Reward Augmentation-PER,5,binary,experiment.finetune_threshold,0.0,configs/base.yaml,,/cluster/home/jsanta07/fNIRS2RL/Experiment/ParticipantData,/cluster/home/jsanta07/OfflineNeuroloop,Lunar__Passive__Reward Augmentation-PER__finetune__binary__seed5__noise0.0__beta1.0__ft0.0
608,finetune,Lunar,configs/domains/lunar.yaml,Active,Reward Augmentation-PER,5,binary,experiment.finetune_threshold,0.0,configs/base.yaml,,/cluster/home/jsanta07/fNIRS2RL/Experiment/ParticipantData,/cluster/home/jsanta07/OfflineNeuroloop,Lunar__Active__Reward Augmentation-PER__finetune__binary__seed5__noise0.0__beta1.0__ft0.0
609,finetune,Lunar,configs/domains/lunar.yaml,Passive,All-PER,5,binary,experiment.finetune_threshold,0.0,configs/base.yaml,,/cluster/home/jsanta07/fNIRS2RL/Experiment/ParticipantData,/cluster/home/jsanta07/OfflineNeuroloop,Lunar__Passive__All-PER__finetune__binary__seed5__noise0.0__beta1.0__ft0.0
610,finetune,Lunar,configs/domains/lunar.yaml,Active,All-PER,5,binary,experiment.finetune_threshold,0.0,configs/base.yaml,,/cluster/home/jsanta07/fNIRS2RL/Experiment/ParticipantData,/cluster/home/jsanta07/OfflineNeuroloop,Lunar__Active__All-PER__finetune__binary__seed5__noise0.0__beta1.0__ft0.0
611,finetune,Lunar,configs/domains/lunar.yaml,Passive,Baseline-PER,6,binary,experiment.finetune_threshold,0.0,configs/base.yaml,,/cluster/home/jsanta07/fNIRS2RL/Experiment/ParticipantData,/cluster/home/jsanta07/OfflineNeuroloop,Lunar__Passive__Baseline-PER__finetune__binary__seed6__noise0.0__beta1.0__ft0.0
612,finetune,Lunar,configs/domains/lunar.yaml,Active,Baseline-PER,6,binary,experiment.finetune_threshold,0.0,configs/base.yaml,,/cluster/home/jsanta07/fNIRS2RL/Experiment/ParticipantData,/cluster/home/jsanta07/OfflineNeuroloop,Lunar__Active__Baseline-PER__finetune__binary__seed6__noise0.0__beta1.0__ft0.0
613,finetune,Lunar,configs/domains/lunar.yaml,Passive,Prioritization-PER,6,binary,experiment.finetune_threshold,0.0,configs/base.yaml,,/cluster/home/jsanta07/fNIRS2RL/Experiment/ParticipantData,/cluster/home/jsanta07/OfflineNeuroloop,Lunar__Passive__Prioritization-PER__finetune__binary__seed6__noise0.0__beta1.0__ft0.0
614,finetune,Lunar,configs/domains/lunar.yaml,Active,Prioritization-PER,6,binary,experiment.finetune_threshold,0.0,configs/base.yaml,,/cluster/home/jsanta07/fNIRS2RL/Experiment/ParticipantData,/cluster/home/jsanta07/OfflineNeuroloop,Lunar__Active__Prioritization-PER__finetune__binary__seed6__noise0.0__beta1.0__ft0.0
615,finetune,Lunar,configs/domains/lunar.yaml,Passive,Q-Augmentation-PER,6,binary,experiment.finetune_threshold,0.0,configs/base.yaml,,/cluster/home/jsanta07/fNIRS2RL/Experiment/ParticipantData,/cluster/home/jsanta07/OfflineNeuroloop,Lunar__Passive__Q-Augmentation-PER__finetune__binary__seed6__noise0.0__beta1.0__ft0.0
616,finetune,Lunar,configs/domains/lunar.yaml,Active,Q-Augmentation-PER,6,binary,experiment.finetune_threshold,0.0,configs/base.yaml,,/cluster/home/jsanta07/fNIRS2RL/Experiment/ParticipantData,/cluster/home/jsanta07/OfflineNeuroloop,Lunar__Active__Q-Augmentation-PER__finetune__binary__seed6__noise0.0__beta1.0__ft0.0
617,finetune,Lunar,configs/domains/lunar.yaml,Passive,Reward Augmentation-PER,6,binary,experiment.finetune_threshold,0.0,configs/base.yaml,,/cluster/home/jsanta07/fNIRS2RL/Experiment/ParticipantData,/cluster/home/jsanta07/OfflineNeuroloop,Lunar__Passive__Reward Augmentation-PER__finetune__binary__seed6__noise0.0__beta1.0__ft0.0
618,finetune,Lunar,configs/domains/lunar.yaml,Active,Reward Augmentation-PER,6,binary,experiment.finetune_threshold,0.0,configs/base.yaml,,/cluster/home/jsanta07/fNIRS2RL/Experiment/ParticipantData,/cluster/home/jsanta07/OfflineNeuroloop,Lunar__Active__Reward Augmentation-PER__finetune__binary__seed6__noise0.0__beta1.0__ft0.0
619,finetune,Lunar,configs/domains/lunar.yaml,Passive,All-PER,6,binary,experiment.finetune_threshold,0.0,configs/base.yaml,,/cluster/home/jsanta07/fNIRS2RL/Experiment/ParticipantData,/cluster/home/jsanta07/OfflineNeuroloop,Lunar__Passive__All-PER__finetune__binary__seed6__noise0.0__beta1.0__ft0.0
620,finetune,Lunar,configs/domains/lunar.yaml,Active,All-PER,6,binary,experiment.finetune_threshold,0.0,configs/base.yaml,,/cluster/home/jsanta07/fNIRS2RL/Experiment/ParticipantData,/cluster/home/jsanta07/OfflineNeuroloop,Lunar__Active__All-PER__finetune__binary__seed6__noise0.0__beta1.0__ft0.0
621,finetune,Lunar,configs/domains/lunar.yaml,Passive,Baseline-PER,7,binary,experiment.finetune_threshold,0.0,configs/base.yaml,,/cluster/home/jsanta07/fNIRS2RL/Experiment/ParticipantData,/cluster/home/jsanta07/OfflineNeuroloop,Lunar__Passive__Baseline-PER__finetune__binary__seed7__noise0.0__beta1.0__ft0.0
622,finetune,Lunar,configs/domains/lunar.yaml,Active,Baseline-PER,7,binary,experiment.finetune_threshold,0.0,configs/base.yaml,,/cluster/home/jsanta07/fNIRS2RL/Experiment/ParticipantData,/cluster/home/jsanta07/OfflineNeuroloop,Lunar__Active__Baseline-PER__finetune__binary__seed7__noise0.0__beta1.0__ft0.0
623,finetune,Lunar,configs/domains/lunar.yaml,Passive,Prioritization-PER,7,binary,experiment.finetune_threshold,0.0,configs/base.yaml,,/cluster/home/jsanta07/fNIRS2RL/Experiment/ParticipantData,/cluster/home/jsanta07/OfflineNeuroloop,Lunar__Passive__Prioritization-PER__finetune__binary__seed7__noise0.0__beta1.0__ft0.0
624,finetune,Lunar,configs/domains/lunar.yaml,Active,Prioritization-PER,7,binary,experiment.finetune_threshold,0.0,configs/base.yaml,,/cluster/home/jsanta07/fNIRS2RL/Experiment/ParticipantData,/cluster/home/jsanta07/OfflineNeuroloop,Lunar__Active__Prioritization-PER__finetune__binary__seed7__noise0.0__beta1.0__ft0.0
625,finetune,Lunar,configs/domains/lunar.yaml,Passive,Q-Augmentation-PER,7,binary,experiment.finetune_threshold,0.0,configs/base.yaml,,/cluster/home/jsanta07/fNIRS2RL/Experiment/ParticipantData,/cluster/home/jsanta07/OfflineNeuroloop,Lunar__Passive__Q-Augmentation-PER__finetune__binary__seed7__noise0.0__beta1.0__ft0.0
626,finetune,Lunar,configs/domains/lunar.yaml,Active,Q-Augmentation-PER,7,binary,experiment.finetune_threshold,0.0,configs/base.yaml,,/cluster/home/jsanta07/fNIRS2RL/Experiment/ParticipantData,/cluster/home/jsanta07/OfflineNeuroloop,Lunar__Active__Q-Augmentation-PER__finetune__binary__seed7__noise0.0__beta1.0__ft0.0
627,finetune,Lunar,configs/domains/lunar.yaml,Passive,Reward Augmentation-PER,7,binary,experiment.finetune_threshold,0.0,configs/base.yaml,,/cluster/home/jsanta07/fNIRS2RL/Experiment/ParticipantData,/cluster/home/jsanta07/OfflineNeuroloop,Lunar__Passive__Reward Augmentation-PER__finetune__binary__seed7__noise0.0__beta1.0__ft0.0
628,finetune,Lunar,configs/domains/lunar.yaml,Active,Reward Augmentation-PER,7,binary,experiment.finetune_threshold,0.0,configs/base.yaml,,/cluster/home/jsanta07/fNIRS2RL/Experiment/ParticipantData,/cluster/home/jsanta07/OfflineNeuroloop,Lunar__Active__Reward Augmentation-PER__finetune__binary__seed7__noise0.0__beta1.0__ft0.0
629,finetune,Lunar,configs/domains/lunar.yaml,Passive,All-PER,7,binary,experiment.finetune_threshold,0.0,configs/base.yaml,,/cluster/home/jsanta07/fNIRS2RL/Experiment/ParticipantData,/cluster/home/jsanta07/OfflineNeuroloop,Lunar__Passive__All-PER__finetune__binary__seed7__noise0.0__beta1.0__ft0.0
630,finetune,Lunar,configs/domains/lunar.yaml,Active,All-PER,7,binary,experiment.finetune_threshold,0.0,configs/base.yaml,,/cluster/home/jsanta07/fNIRS2RL/Experiment/ParticipantData,/cluster/home/jsanta07/OfflineNeuroloop,Lunar__Active__All-PER__finetune__binary__seed7__noise0.0__beta1.0__ft0.0
631,finetune,Lunar,configs/domains/lunar.yaml,Passive,Baseline-PER,8,binary,experiment.finetune_threshold,0.0,configs/base.yaml,,/cluster/home/jsanta07/fNIRS2RL/Experiment/ParticipantData,/cluster/home/jsanta07/OfflineNeuroloop,Lunar__Passive__Baseline-PER__finetune__binary__seed8__noise0.0__beta1.0__ft0.0
632,finetune,Lunar,configs/domains/lunar.yaml,Active,Baseline-PER,8,binary,experiment.finetune_threshold,0.0,configs/base.yaml,,/cluster/home/jsanta07/fNIRS2RL/Experiment/ParticipantData,/cluster/home/jsanta07/OfflineNeuroloop,Lunar__Active__Baseline-PER__finetune__binary__seed8__noise0.0__beta1.0__ft0.0
633,finetune,Lunar,configs/domains/lunar.yaml,Passive,Prioritization-PER,8,binary,experiment.finetune_threshold,0.0,configs/base.yaml,,/cluster/home/jsanta07/fNIRS2RL/Experiment/ParticipantData,/cluster/home/jsanta07/OfflineNeuroloop,Lunar__Passive__Prioritization-PER__finetune__binary__seed8__noise0.0__beta1.0__ft0.0
634,finetune,Lunar,configs/domains/lunar.yaml,Active,Prioritization-PER,8,binary,experiment.finetune_threshold,0.0,configs/base.yaml,,/cluster/home/jsanta07/fNIRS2RL/Experiment/ParticipantData,/cluster/home/jsanta07/OfflineNeuroloop,Lunar__Active__Prioritization-PER__finetune__binary__seed8__noise0.0__beta1.0__ft0.0
635,finetune,Lunar,configs/domains/lunar.yaml,Passive,Q-Augmentation-PER,8,binary,experiment.finetune_threshold,0.0,configs/base.yaml,,/cluster/home/jsanta07/fNIRS2RL/Experiment/ParticipantData,/cluster/home/jsanta07/OfflineNeuroloop,Lunar__Passive__Q-Augmentation-PER__finetune__binary__seed8__noise0.0__beta1.0__ft0.0
636,finetune,Lunar,configs/domains/lunar.yaml,Active,Q-Augmentation-PER,8,binary,experiment.finetune_threshold,0.0,configs/base.yaml,,/cluster/home/jsanta07/fNIRS2RL/Experiment/ParticipantData,/cluster/home/jsanta07/OfflineNeuroloop,Lunar__Active__Q-Augmentation-PER__finetune__binary__seed8__noise0.0__beta1.0__ft0.0
637,finetune,Lunar,configs/domains/lunar.yaml,Passive,Reward Augmentation-PER,8,binary,experiment.finetune_threshold,0.0,configs/base.yaml,,/cluster/home/jsanta07/fNIRS2RL/Experiment/ParticipantData,/cluster/home/jsanta07/OfflineNeuroloop,Lunar__Passive__Reward Augmentation-PER__finetune__binary__seed8__noise0.0__beta1.0__ft0.0
638,finetune,Lunar,configs/domains/lunar.yaml,Active,Reward Augmentation-PER,8,binary,experiment.finetune_threshold,0.0,configs/base.yaml,,/cluster/home/jsanta07/fNIRS2RL/Experiment/ParticipantData,/cluster/home/jsanta07/OfflineNeuroloop,Lunar__Active__Reward Augmentation-PER__finetune__binary__seed8__noise0.0__beta1.0__ft0.0
639,finetune,Lunar,configs/domains/lunar.yaml,Passive,All-PER,8,binary,experiment.finetune_threshold,0.0,configs/base.yaml,,/cluster/home/jsanta07/fNIRS2RL/Experiment/ParticipantData,/cluster/home/jsanta07/OfflineNeuroloop,Lunar__Passive__All-PER__finetune__binary__seed8__noise0.0__beta1.0__ft0.0
640,finetune,Lunar,configs/domains/lunar.yaml,Active,All-PER,8,binary,experiment.finetune_threshold,0.0,configs/base.yaml,,/cluster/home/jsanta07/fNIRS2RL/Experiment/ParticipantData,/cluster/home/jsanta07/OfflineNeuroloop,Lunar__Active__All-PER__finetune__binary__seed8__noise0.0__beta1.0__ft0.0
641,finetune,Lunar,configs/domains/lunar.yaml,Passive,Baseline-PER,9,binary,experiment.finetune_threshold,0.0,configs/base.yaml,,/cluster/home/jsanta07/fNIRS2RL/Experiment/ParticipantData,/cluster/home/jsanta07/OfflineNeuroloop,Lunar__Passive__Baseline-PER__finetune__binary__seed9__noise0.0__beta1.0__ft0.0
642,finetune,Lunar,configs/domains/lunar.yaml,Active,Baseline-PER,9,binary,experiment.finetune_threshold,0.0,configs/base.yaml,,/cluster/home/jsanta07/fNIRS2RL/Experiment/ParticipantData,/cluster/home/jsanta07/OfflineNeuroloop,Lunar__Active__Baseline-PER__finetune__binary__seed9__noise0.0__beta1.0__ft0.0
643,finetune,Lunar,configs/domains/lunar.yaml,Passive,Prioritization-PER,9,binary,experiment.finetune_threshold,0.0,configs/base.yaml,,/cluster/home/jsanta07/fNIRS2RL/Experiment/ParticipantData,/cluster/home/jsanta07/OfflineNeuroloop,Lunar__Passive__Prioritization-PER__finetune__binary__seed9__noise0.0__beta1.0__ft0.0
644,finetune,Lunar,configs/domains/lunar.yaml,Active,Prioritization-PER,9,binary,experiment.finetune_threshold,0.0,configs/base.yaml,,/cluster/home/jsanta07/fNIRS2RL/Experiment/ParticipantData,/cluster/home/jsanta07/OfflineNeuroloop,Lunar__Active__Prioritization-PER__finetune__binary__seed9__noise0.0__beta1.0__ft0.0
645,finetune,Lunar,configs/domains/lunar.yaml,Passive,Q-Augmentation-PER,9,binary,experiment.finetune_threshold,0.0,configs/base.yaml,,/cluster/home/jsanta07/fNIRS2RL/Experiment/ParticipantData,/cluster/home/jsanta07/OfflineNeuroloop,Lunar__Passive__Q-Augmentation-PER__finetune__binary__seed9__noise0.0__beta1.0__ft0.0
646,finetune,Lunar,configs/domains/lunar.yaml,Active,Q-Augmentation-PER,9,binary,experiment.finetune_threshold,0.0,configs/base.yaml,,/cluster/home/jsanta07/fNIRS2RL/Experiment/ParticipantData,/cluster/home/jsanta07/OfflineNeuroloop,Lunar__Active__Q-Augmentation-PER__finetune__binary__seed9__noise0.0__beta1.0__ft0.0
647,finetune,Lunar,configs/domains/lunar.yaml,Passive,Reward Augmentation-PER,9,binary,experiment.finetune_threshold,0.0,configs/base.yaml,,/cluster/home/jsanta07/fNIRS2RL/Experiment/ParticipantData,/cluster/home/jsanta07/OfflineNeuroloop,Lunar__Passive__Reward Augmentation-PER__finetune__binary__seed9__noise0.0__beta1.0__ft0.0
648,finetune,Lunar,configs/domains/lunar.yaml,Active,Reward Augmentation-PER,9,binary,experiment.finetune_threshold,0.0,configs/base.yaml,,/cluster/home/jsanta07/fNIRS2RL/Experiment/ParticipantData,/cluster/home/jsanta07/OfflineNeuroloop,Lunar__Active__Reward Augmentation-PER__finetune__binary__seed9__noise0.0__beta1.0__ft0.0
649,finetune,Lunar,configs/domains/lunar.yaml,Passive,All-PER,9,binary,experiment.finetune_threshold,0.0,configs/base.yaml,,/cluster/home/jsanta07/fNIRS2RL/Experiment/ParticipantData,/cluster/home/jsanta07/OfflineNeuroloop,Lunar__Passive__All-PER__finetune__binary__seed9__noise0.0__beta1.0__ft0.0
650,finetune,Lunar,configs/domains/lunar.yaml,Active,All-PER,9,binary,experiment.finetune_threshold,0.0,configs/base.yaml,,/cluster/home/jsanta07/fNIRS2RL/Experiment/ParticipantData,/cluster/home/jsanta07/OfflineNeuroloop,Lunar__Active__All-PER__finetune__binary__seed9__noise0.0__beta1.0__ft0.0
651,finetune,Lunar,configs/domains/lunar.yaml,Passive,Baseline-PER,10,binary,experiment.finetune_threshold,0.0,configs/base.yaml,,/cluster/home/jsanta07/fNIRS2RL/Experiment/ParticipantData,/cluster/home/jsanta07/OfflineNeuroloop,Lunar__Passive__Baseline-PER__finetune__binary__seed10__noise0.0__beta1.0__ft0.0
652,finetune,Lunar,configs/domains/lunar.yaml,Active,Baseline-PER,10,binary,experiment.finetune_threshold,0.0,configs/base.yaml,,/cluster/home/jsanta07/fNIRS2RL/Experiment/ParticipantData,/cluster/home/jsanta07/OfflineNeuroloop,Lunar__Active__Baseline-PER__finetune__binary__seed10__noise0.0__beta1.0__ft0.0
653,finetune,Lunar,configs/domains/lunar.yaml,Passive,Prioritization-PER,10,binary,experiment.finetune_threshold,0.0,configs/base.yaml,,/cluster/home/jsanta07/fNIRS2RL/Experiment/ParticipantData,/cluster/home/jsanta07/OfflineNeuroloop,Lunar__Passive__Prioritization-PER__finetune__binary__seed10__noise0.0__beta1.0__ft0.0
654,finetune,Lunar,configs/domains/lunar.yaml,Active,Prioritization-PER,10,binary,experiment.finetune_threshold,0.0,configs/base.yaml,,/cluster/home/jsanta07/fNIRS2RL/Experiment/ParticipantData,/cluster/home/jsanta07/OfflineNeuroloop,Lunar__Active__Prioritization-PER__finetune__binary__seed10__noise0.0__beta1.0__ft0.0
655,finetune,Lunar,configs/domains/lunar.yaml,Passive,Q-Augmentation-PER,10,binary,experiment.finetune_threshold,0.0,configs/base.yaml,,/cluster/home/jsanta07/fNIRS2RL/Experiment/ParticipantData,/cluster/home/jsanta07/OfflineNeuroloop,Lunar__Passive__Q-Augmentation-PER__finetune__binary__seed10__noise0.0__beta1.0__ft0.0
656,finetune,Lunar,configs/domains/lunar.yaml,Active,Q-Augmentation-PER,10,binary,experiment.finetune_threshold,0.0,configs/base.yaml,,/cluster/home/jsanta07/fNIRS2RL/Experiment/ParticipantData,/cluster/home/jsanta07/OfflineNeuroloop,Lunar__Active__Q-Augmentation-PER__finetune__binary__seed10__noise0.0__beta1.0__ft0.0
657,finetune,Lunar,configs/domains/lunar.yaml,Passive,Reward Augmentation-PER,10,binary,experiment.finetune_threshold,0.0,configs/base.yaml,,/cluster/home/jsanta07/fNIRS2RL/Experiment/ParticipantData,/cluster/home/jsanta07/OfflineNeuroloop,Lunar__Passive__Reward Augmentation-PER__finetune__binary__seed10__noise0.0__beta1.0__ft0.0
658,finetune,Lunar,configs/domains/lunar.yaml,Active,Reward Augmentation-PER,10,binary,experiment.finetune_threshold,0.0,configs/base.yaml,,/cluster/home/jsanta07/fNIRS2RL/Experiment/ParticipantData,/cluster/home/jsanta07/OfflineNeuroloop,Lunar__Active__Reward Augmentation-PER__finetune__binary__seed10__noise0.0__beta1.0__ft0.0
659,finetune,Lunar,configs/domains/lunar.yaml,Passive,All-PER,10,binary,experiment.finetune_threshold,0.0,configs/base.yaml,,/cluster/home/jsanta07/fNIRS2RL/Experiment/ParticipantData,/cluster/home/jsanta07/OfflineNeuroloop,Lunar__Passive__All-PER__finetune__binary__seed10__noise0.0__beta1.0__ft0.0
660,finetune,Lunar,configs/domains/lunar.yaml,Active,All-PER,10,binary,experiment.finetune_threshold,0.0,configs/base.yaml,,/cluster/home/jsanta07/fNIRS2RL/Experiment/ParticipantData,/cluster/home/jsanta07/OfflineNeuroloop,Lunar__Active__All-PER__finetune__binary__seed10__noise0.0__beta1.0__ft0.0
