trial_id,integration,domain_key,domain_config,task,condition,seed,granularity,ablation_key,ablation_val,base_config,n_episodes_override,data_path,results_path,run_name
1,finetune,Robot_Active,configs/domains/robot_active.yaml,Active,Baseline-PER,1,binary,mlp.model_noise,0.0,configs/base.yaml,,/cluster/home/jsanta07/fNIRS2RL/Experiment/ParticipantData,/cluster/home/jsanta07/OfflineNeuroloop,Robot__Active__Baseline-PER__finetune__binary__seed1__noise0.0__beta1.0__ft0.0
2,finetune,Robot_Active,configs/domains/robot_active.yaml,Active,Prioritization-PER,1,binary,mlp.model_noise,0.0,configs/base.yaml,,/cluster/home/jsanta07/fNIRS2RL/Experiment/ParticipantData,/cluster/home/jsanta07/OfflineNeuroloop,Robot__Active__Prioritization-PER__finetune__binary__seed1__noise0.0__beta1.0__ft0.0
3,finetune,Robot_Active,configs/domains/robot_active.yaml,Active,Prioritization-PER,1,binary,mlp.model_noise,0.5,configs/base.yaml,,/cluster/home/jsanta07/fNIRS2RL/Experiment/ParticipantData,/cluster/home/jsanta07/OfflineNeuroloop,Robot__Active__Prioritization-PER__finetune__binary__seed1__noise0.5__beta1.0__ft0.0
4,finetune,Robot_Active,configs/domains/robot_active.yaml,Active,Prioritization-PER,1,binary,mlp.model_noise,1.0,configs/base.yaml,,/cluster/home/jsanta07/fNIRS2RL/Experiment/ParticipantData,/cluster/home/jsanta07/OfflineNeuroloop,Robot__Active__Prioritization-PER__finetune__binary__seed1__noise1.0__beta1.0__ft0.0
5,finetune,Robot_Active,configs/domains/robot_active.yaml,Active,Q-Augmentation-PER,1,binary,mlp.model_noise,0.0,configs/base.yaml,,/cluster/home/jsanta07/fNIRS2RL/Experiment/ParticipantData,/cluster/home/jsanta07/OfflineNeuroloop,Robot__Active__Q-Augmentation-PER__finetune__binary__seed1__noise0.0__beta1.0__ft0.0
6,finetune,Robot_Active,configs/domains/robot_active.yaml,Active,Q-Augmentation-PER,1,binary,mlp.model_noise,0.5,configs/base.yaml,,/cluster/home/jsanta07/fNIRS2RL/Experiment/ParticipantData,/cluster/home/jsanta07/OfflineNeuroloop,Robot__Active__Q-Augmentation-PER__finetune__binary__seed1__noise0.5__beta1.0__ft0.0
7,finetune,Robot_Active,configs/domains/robot_active.yaml,Active,Q-Augmentation-PER,1,binary,mlp.model_noise,1.0,configs/base.yaml,,/cluster/home/jsanta07/fNIRS2RL/Experiment/ParticipantData,/cluster/home/jsanta07/OfflineNeuroloop,Robot__Active__Q-Augmentation-PER__finetune__binary__seed1__noise1.0__beta1.0__ft0.0
8,finetune,Robot_Active,configs/domains/robot_active.yaml,Active,Reward Augmentation-PER,1,binary,mlp.model_noise,0.0,configs/base.yaml,,/cluster/home/jsanta07/fNIRS2RL/Experiment/ParticipantData,/cluster/home/jsanta07/OfflineNeuroloop,Robot__Active__Reward Augmentation-PER__finetune__binary__seed1__noise0.0__beta1.0__ft0.0
9,finetune,Robot_Active,configs/domains/robot_active.yaml,Active,Reward Augmentation-PER,1,binary,mlp.model_noise,0.5,configs/base.yaml,,/cluster/home/jsanta07/fNIRS2RL/Experiment/ParticipantData,/cluster/home/jsanta07/OfflineNeuroloop,Robot__Active__Reward Augmentation-PER__finetune__binary__seed1__noise0.5__beta1.0__ft0.0
10,finetune,Robot_Active,configs/domains/robot_active.yaml,Active,Reward Augmentation-PER,1,binary,mlp.model_noise,1.0,configs/base.yaml,,/cluster/home/jsanta07/fNIRS2RL/Experiment/ParticipantData,/cluster/home/jsanta07/OfflineNeuroloop,Robot__Active__Reward Augmentation-PER__finetune__binary__seed1__noise1.0__beta1.0__ft0.0
11,finetune,Robot_Active,configs/domains/robot_active.yaml,Active,All-PER,1,binary,mlp.model_noise,0.0,configs/base.yaml,,/cluster/home/jsanta07/fNIRS2RL/Experiment/ParticipantData,/cluster/home/jsanta07/OfflineNeuroloop,Robot__Active__All-PER__finetune__binary__seed1__noise0.0__beta1.0__ft0.0
12,finetune,Robot_Active,configs/domains/robot_active.yaml,Active,All-PER,1,binary,mlp.model_noise,0.5,configs/base.yaml,,/cluster/home/jsanta07/fNIRS2RL/Experiment/ParticipantData,/cluster/home/jsanta07/OfflineNeuroloop,Robot__Active__All-PER__finetune__binary__seed1__noise0.5__beta1.0__ft0.0
13,finetune,Robot_Active,configs/domains/robot_active.yaml,Active,All-PER,1,binary,mlp.model_noise,1.0,configs/base.yaml,,/cluster/home/jsanta07/fNIRS2RL/Experiment/ParticipantData,/cluster/home/jsanta07/OfflineNeuroloop,Robot__Active__All-PER__finetune__binary__seed1__noise1.0__beta1.0__ft0.0
14,finetune,Robot_Active,configs/domains/robot_active.yaml,Active,Baseline-PER,2,binary,mlp.model_noise,0.0,configs/base.yaml,,/cluster/home/jsanta07/fNIRS2RL/Experiment/ParticipantData,/cluster/home/jsanta07/OfflineNeuroloop,Robot__Active__Baseline-PER__finetune__binary__seed2__noise0.0__beta1.0__ft0.0
15,finetune,Robot_Active,configs/domains/robot_active.yaml,Active,Prioritization-PER,2,binary,mlp.model_noise,0.0,configs/base.yaml,,/cluster/home/jsanta07/fNIRS2RL/Experiment/ParticipantData,/cluster/home/jsanta07/OfflineNeuroloop,Robot__Active__Prioritization-PER__finetune__binary__seed2__noise0.0__beta1.0__ft0.0
16,finetune,Robot_Active,configs/domains/robot_active.yaml,Active,Prioritization-PER,2,binary,mlp.model_noise,0.5,configs/base.yaml,,/cluster/home/jsanta07/fNIRS2RL/Experiment/ParticipantData,/cluster/home/jsanta07/OfflineNeuroloop,Robot__Active__Prioritization-PER__finetune__binary__seed2__noise0.5__beta1.0__ft0.0
17,finetune,Robot_Active,configs/domains/robot_active.yaml,Active,Prioritization-PER,2,binary,mlp.model_noise,1.0,configs/base.yaml,,/cluster/home/jsanta07/fNIRS2RL/Experiment/ParticipantData,/cluster/home/jsanta07/OfflineNeuroloop,Robot__Active__Prioritization-PER__finetune__binary__seed2__noise1.0__beta1.0__ft0.0
18,finetune,Robot_Active,configs/domains/robot_active.yaml,Active,Q-Augmentation-PER,2,binary,mlp.model_noise,0.0,configs/base.yaml,,/cluster/home/jsanta07/fNIRS2RL/Experiment/ParticipantData,/cluster/home/jsanta07/OfflineNeuroloop,Robot__Active__Q-Augmentation-PER__finetune__binary__seed2__noise0.0__beta1.0__ft0.0
19,finetune,Robot_Active,configs/domains/robot_active.yaml,Active,Q-Augmentation-PER,2,binary,mlp.model_noise,0.5,configs/base.yaml,,/cluster/home/jsanta07/fNIRS2RL/Experiment/ParticipantData,/cluster/home/jsanta07/OfflineNeuroloop,Robot__Active__Q-Augmentation-PER__finetune__binary__seed2__noise0.5__beta1.0__ft0.0
20,finetune,Robot_Active,configs/domains/robot_active.yaml,Active,Q-Augmentation-PER,2,binary,mlp.model_noise,1.0,configs/base.yaml,,/cluster/home/jsanta07/fNIRS2RL/Experiment/ParticipantData,/cluster/home/jsanta07/OfflineNeuroloop,Robot__Active__Q-Augmentation-PER__finetune__binary__seed2__noise1.0__beta1.0__ft0.0
21,finetune,Robot_Active,configs/domains/robot_active.yaml,Active,Reward Augmentation-PER,2,binary,mlp.model_noise,0.0,configs/base.yaml,,/cluster/home/jsanta07/fNIRS2RL/Experiment/ParticipantData,/cluster/home/jsanta07/OfflineNeuroloop,Robot__Active__Reward Augmentation-PER__finetune__binary__seed2__noise0.0__beta1.0__ft0.0
22,finetune,Robot_Active,configs/domains/robot_active.yaml,Active,Reward Augmentation-PER,2,binary,mlp.model_noise,0.5,configs/base.yaml,,/cluster/home/jsanta07/fNIRS2RL/Experiment/ParticipantData,/cluster/home/jsanta07/OfflineNeuroloop,Robot__Active__Reward Augmentation-PER__finetune__binary__seed2__noise0.5__beta1.0__ft0.0
23,finetune,Robot_Active,configs/domains/robot_active.yaml,Active,Reward Augmentation-PER,2,binary,mlp.model_noise,1.0,configs/base.yaml,,/cluster/home/jsanta07/fNIRS2RL/Experiment/ParticipantData,/cluster/home/jsanta07/OfflineNeuroloop,Robot__Active__Reward Augmentation-PER__finetune__binary__seed2__noise1.0__beta1.0__ft0.0
24,finetune,Robot_Active,configs/domains/robot_active.yaml,Active,All-PER,2,binary,mlp.model_noise,0.0,configs/base.yaml,,/cluster/home/jsanta07/fNIRS2RL/Experiment/ParticipantData,/cluster/home/jsanta07/OfflineNeuroloop,Robot__Active__All-PER__finetune__binary__seed2__noise0.0__beta1.0__ft0.0
25,finetune,Robot_Active,configs/domains/robot_active.yaml,Active,All-PER,2,binary,mlp.model_noise,0.5,configs/base.yaml,,/cluster/home/jsanta07/fNIRS2RL/Experiment/ParticipantData,/cluster/home/jsanta07/OfflineNeuroloop,Robot__Active__All-PER__finetune__binary__seed2__noise0.5__beta1.0__ft0.0
26,finetune,Robot_Active,configs/domains/robot_active.yaml,Active,All-PER,2,binary,mlp.model_noise,1.0,configs/base.yaml,,/cluster/home/jsanta07/fNIRS2RL/Experiment/ParticipantData,/cluster/home/jsanta07/OfflineNeuroloop,Robot__Active__All-PER__finetune__binary__seed2__noise1.0__beta1.0__ft0.0
27,finetune,Robot_Active,configs/domains/robot_active.yaml,Active,Baseline-PER,3,binary,mlp.model_noise,0.0,configs/base.yaml,,/cluster/home/jsanta07/fNIRS2RL/Experiment/ParticipantData,/cluster/home/jsanta07/OfflineNeuroloop,Robot__Active__Baseline-PER__finetune__binary__seed3__noise0.0__beta1.0__ft0.0
28,finetune,Robot_Active,configs/domains/robot_active.yaml,Active,Prioritization-PER,3,binary,mlp.model_noise,0.0,configs/base.yaml,,/cluster/home/jsanta07/fNIRS2RL/Experiment/ParticipantData,/cluster/home/jsanta07/OfflineNeuroloop,Robot__Active__Prioritization-PER__finetune__binary__seed3__noise0.0__beta1.0__ft0.0
29,finetune,Robot_Active,configs/domains/robot_active.yaml,Active,Prioritization-PER,3,binary,mlp.model_noise,0.5,configs/base.yaml,,/cluster/home/jsanta07/fNIRS2RL/Experiment/ParticipantData,/cluster/home/jsanta07/OfflineNeuroloop,Robot__Active__Prioritization-PER__finetune__binary__seed3__noise0.5__beta1.0__ft0.0
30,finetune,Robot_Active,configs/domains/robot_active.yaml,Active,Prioritization-PER,3,binary,mlp.model_noise,1.0,configs/base.yaml,,/cluster/home/jsanta07/fNIRS2RL/Experiment/ParticipantData,/cluster/home/jsanta07/OfflineNeuroloop,Robot__Active__Prioritization-PER__finetune__binary__seed3__noise1.0__beta1.0__ft0.0
31,finetune,Robot_Active,configs/domains/robot_active.yaml,Active,Q-Augmentation-PER,3,binary,mlp.model_noise,0.0,configs/base.yaml,,/cluster/home/jsanta07/fNIRS2RL/Experiment/ParticipantData,/cluster/home/jsanta07/OfflineNeuroloop,Robot__Active__Q-Augmentation-PER__finetune__binary__seed3__noise0.0__beta1.0__ft0.0
32,finetune,Robot_Active,configs/domains/robot_active.yaml,Active,Q-Augmentation-PER,3,binary,mlp.model_noise,0.5,configs/base.yaml,,/cluster/home/jsanta07/fNIRS2RL/Experiment/ParticipantData,/cluster/home/jsanta07/OfflineNeuroloop,Robot__Active__Q-Augmentation-PER__finetune__binary__seed3__noise0.5__beta1.0__ft0.0
33,finetune,Robot_Active,configs/domains/robot_active.yaml,Active,Q-Augmentation-PER,3,binary,mlp.model_noise,1.0,configs/base.yaml,,/cluster/home/jsanta07/fNIRS2RL/Experiment/ParticipantData,/cluster/home/jsanta07/OfflineNeuroloop,Robot__Active__Q-Augmentation-PER__finetune__binary__seed3__noise1.0__beta1.0__ft0.0
34,finetune,Robot_Active,configs/domains/robot_active.yaml,Active,Reward Augmentation-PER,3,binary,mlp.model_noise,0.0,configs/base.yaml,,/cluster/home/jsanta07/fNIRS2RL/Experiment/ParticipantData,/cluster/home/jsanta07/OfflineNeuroloop,Robot__Active__Reward Augmentation-PER__finetune__binary__seed3__noise0.0__beta1.0__ft0.0
35,finetune,Robot_Active,configs/domains/robot_active.yaml,Active,Reward Augmentation-PER,3,binary,mlp.model_noise,0.5,configs/base.yaml,,/cluster/home/jsanta07/fNIRS2RL/Experiment/ParticipantData,/cluster/home/jsanta07/OfflineNeuroloop,Robot__Active__Reward Augmentation-PER__finetune__binary__seed3__noise0.5__beta1.0__ft0.0
36,finetune,Robot_Active,configs/domains/robot_active.yaml,Active,Reward Augmentation-PER,3,binary,mlp.model_noise,1.0,configs/base.yaml,,/cluster/home/jsanta07/fNIRS2RL/Experiment/ParticipantData,/cluster/home/jsanta07/OfflineNeuroloop,Robot__Active__Reward Augmentation-PER__finetune__binary__seed3__noise1.0__beta1.0__ft0.0
37,finetune,Robot_Active,configs/domains/robot_active.yaml,Active,All-PER,3,binary,mlp.model_noise,0.0,configs/base.yaml,,/cluster/home/jsanta07/fNIRS2RL/Experiment/ParticipantData,/cluster/home/jsanta07/OfflineNeuroloop,Robot__Active__All-PER__finetune__binary__seed3__noise0.0__beta1.0__ft0.0
38,finetune,Robot_Active,configs/domains/robot_active.yaml,Active,All-PER,3,binary,mlp.model_noise,0.5,configs/base.yaml,,/cluster/home/jsanta07/fNIRS2RL/Experiment/ParticipantData,/cluster/home/jsanta07/OfflineNeuroloop,Robot__Active__All-PER__finetune__binary__seed3__noise0.5__beta1.0__ft0.0
39,finetune,Robot_Active,configs/domains/robot_active.yaml,Active,All-PER,3,binary,mlp.model_noise,1.0,configs/base.yaml,,/cluster/home/jsanta07/fNIRS2RL/Experiment/ParticipantData,/cluster/home/jsanta07/OfflineNeuroloop,Robot__Active__All-PER__finetune__binary__seed3__noise1.0__beta1.0__ft0.0
40,finetune,Robot_Active,configs/domains/robot_active.yaml,Active,Baseline-PER,4,binary,mlp.model_noise,0.0,configs/base.yaml,,/cluster/home/jsanta07/fNIRS2RL/Experiment/ParticipantData,/cluster/home/jsanta07/OfflineNeuroloop,Robot__Active__Baseline-PER__finetune__binary__seed4__noise0.0__beta1.0__ft0.0
41,finetune,Robot_Active,configs/domains/robot_active.yaml,Active,Prioritization-PER,4,binary,mlp.model_noise,0.0,configs/base.yaml,,/cluster/home/jsanta07/fNIRS2RL/Experiment/ParticipantData,/cluster/home/jsanta07/OfflineNeuroloop,Robot__Active__Prioritization-PER__finetune__binary__seed4__noise0.0__beta1.0__ft0.0
42,finetune,Robot_Active,configs/domains/robot_active.yaml,Active,Prioritization-PER,4,binary,mlp.model_noise,0.5,configs/base.yaml,,/cluster/home/jsanta07/fNIRS2RL/Experiment/ParticipantData,/cluster/home/jsanta07/OfflineNeuroloop,Robot__Active__Prioritization-PER__finetune__binary__seed4__noise0.5__beta1.0__ft0.0
43,finetune,Robot_Active,configs/domains/robot_active.yaml,Active,Prioritization-PER,4,binary,mlp.model_noise,1.0,configs/base.yaml,,/cluster/home/jsanta07/fNIRS2RL/Experiment/ParticipantData,/cluster/home/jsanta07/OfflineNeuroloop,Robot__Active__Prioritization-PER__finetune__binary__seed4__noise1.0__beta1.0__ft0.0
44,finetune,Robot_Active,configs/domains/robot_active.yaml,Active,Q-Augmentation-PER,4,binary,mlp.model_noise,0.0,configs/base.yaml,,/cluster/home/jsanta07/fNIRS2RL/Experiment/ParticipantData,/cluster/home/jsanta07/OfflineNeuroloop,Robot__Active__Q-Augmentation-PER__finetune__binary__seed4__noise0.0__beta1.0__ft0.0
45,finetune,Robot_Active,configs/domains/robot_active.yaml,Active,Q-Augmentation-PER,4,binary,mlp.model_noise,0.5,configs/base.yaml,,/cluster/home/jsanta07/fNIRS2RL/Experiment/ParticipantData,/cluster/home/jsanta07/OfflineNeuroloop,Robot__Active__Q-Augmentation-PER__finetune__binary__seed4__noise0.5__beta1.0__ft0.0
46,finetune,Robot_Active,configs/domains/robot_active.yaml,Active,Q-Augmentation-PER,4,binary,mlp.model_noise,1.0,configs/base.yaml,,/cluster/home/jsanta07/fNIRS2RL/Experiment/ParticipantData,/cluster/home/jsanta07/OfflineNeuroloop,Robot__Active__Q-Augmentation-PER__finetune__binary__seed4__noise1.0__beta1.0__ft0.0
47,finetune,Robot_Active,configs/domains/robot_active.yaml,Active,Reward Augmentation-PER,4,binary,mlp.model_noise,0.0,configs/base.yaml,,/cluster/home/jsanta07/fNIRS2RL/Experiment/ParticipantData,/cluster/home/jsanta07/OfflineNeuroloop,Robot__Active__Reward Augmentation-PER__finetune__binary__seed4__noise0.0__beta1.0__ft0.0
48,finetune,Robot_Active,configs/domains/robot_active.yaml,Active,Reward Augmentation-PER,4,binary,mlp.model_noise,0.5,configs/base.yaml,,/cluster/home/jsanta07/fNIRS2RL/Experiment/ParticipantData,/cluster/home/jsanta07/OfflineNeuroloop,Robot__Active__Reward Augmentation-PER__finetune__binary__seed4__noise0.5__beta1.0__ft0.0
49,finetune,Robot_Active,configs/domains/robot_active.yaml,Active,Reward Augmentation-PER,4,binary,mlp.model_noise,1.0,configs/base.yaml,,/cluster/home/jsanta07/fNIRS2RL/Experiment/ParticipantData,/cluster/home/jsanta07/OfflineNeuroloop,Robot__Active__Reward Augmentation-PER__finetune__binary__seed4__noise1.0__beta1.0__ft0.0
50,finetune,Robot_Active,configs/domains/robot_active.yaml,Active,All-PER,4,binary,mlp.model_noise,0.0,configs/base.yaml,,/cluster/home/jsanta07/fNIRS2RL/Experiment/ParticipantData,/cluster/home/jsanta07/OfflineNeuroloop,Robot__Active__All-PER__finetune__binary__seed4__noise0.0__beta1.0__ft0.0
51,finetune,Robot_Active,configs/domains/robot_active.yaml,Active,All-PER,4,binary,mlp.model_noise,0.5,configs/base.yaml,,/cluster/home/jsanta07/fNIRS2RL/Experiment/ParticipantData,/cluster/home/jsanta07/OfflineNeuroloop,Robot__Active__All-PER__finetune__binary__seed4__noise0.5__beta1.0__ft0.0
52,finetune,Robot_Active,configs/domains/robot_active.yaml,Active,All-PER,4,binary,mlp.model_noise,1.0,configs/base.yaml,,/cluster/home/jsanta07/fNIRS2RL/Experiment/ParticipantData,/cluster/home/jsanta07/OfflineNeuroloop,Robot__Active__All-PER__finetune__binary__seed4__noise1.0__beta1.0__ft0.0
53,finetune,Robot_Active,configs/domains/robot_active.yaml,Active,Baseline-PER,5,binary,mlp.model_noise,0.0,configs/base.yaml,,/cluster/home/jsanta07/fNIRS2RL/Experiment/ParticipantData,/cluster/home/jsanta07/OfflineNeuroloop,Robot__Active__Baseline-PER__finetune__binary__seed5__noise0.0__beta1.0__ft0.0
54,finetune,Robot_Active,configs/domains/robot_active.yaml,Active,Prioritization-PER,5,binary,mlp.model_noise,0.0,configs/base.yaml,,/cluster/home/jsanta07/fNIRS2RL/Experiment/ParticipantData,/cluster/home/jsanta07/OfflineNeuroloop,Robot__Active__Prioritization-PER__finetune__binary__seed5__noise0.0__beta1.0__ft0.0
55,finetune,Robot_Active,configs/domains/robot_active.yaml,Active,Prioritization-PER,5,binary,mlp.model_noise,0.5,configs/base.yaml,,/cluster/home/jsanta07/fNIRS2RL/Experiment/ParticipantData,/cluster/home/jsanta07/OfflineNeuroloop,Robot__Active__Prioritization-PER__finetune__binary__seed5__noise0.5__beta1.0__ft0.0
56,finetune,Robot_Active,configs/domains/robot_active.yaml,Active,Prioritization-PER,5,binary,mlp.model_noise,1.0,configs/base.yaml,,/cluster/home/jsanta07/fNIRS2RL/Experiment/ParticipantData,/cluster/home/jsanta07/OfflineNeuroloop,Robot__Active__Prioritization-PER__finetune__binary__seed5__noise1.0__beta1.0__ft0.0
57,finetune,Robot_Active,configs/domains/robot_active.yaml,Active,Q-Augmentation-PER,5,binary,mlp.model_noise,0.0,configs/base.yaml,,/cluster/home/jsanta07/fNIRS2RL/Experiment/ParticipantData,/cluster/home/jsanta07/OfflineNeuroloop,Robot__Active__Q-Augmentation-PER__finetune__binary__seed5__noise0.0__beta1.0__ft0.0
58,finetune,Robot_Active,configs/domains/robot_active.yaml,Active,Q-Augmentation-PER,5,binary,mlp.model_noise,0.5,configs/base.yaml,,/cluster/home/jsanta07/fNIRS2RL/Experiment/ParticipantData,/cluster/home/jsanta07/OfflineNeuroloop,Robot__Active__Q-Augmentation-PER__finetune__binary__seed5__noise0.5__beta1.0__ft0.0
59,finetune,Robot_Active,configs/domains/robot_active.yaml,Active,Q-Augmentation-PER,5,binary,mlp.model_noise,1.0,configs/base.yaml,,/cluster/home/jsanta07/fNIRS2RL/Experiment/ParticipantData,/cluster/home/jsanta07/OfflineNeuroloop,Robot__Active__Q-Augmentation-PER__finetune__binary__seed5__noise1.0__beta1.0__ft0.0
60,finetune,Robot_Active,configs/domains/robot_active.yaml,Active,Reward Augmentation-PER,5,binary,mlp.model_noise,0.0,configs/base.yaml,,/cluster/home/jsanta07/fNIRS2RL/Experiment/ParticipantData,/cluster/home/jsanta07/OfflineNeuroloop,Robot__Active__Reward Augmentation-PER__finetune__binary__seed5__noise0.0__beta1.0__ft0.0
61,finetune,Robot_Active,configs/domains/robot_active.yaml,Active,Reward Augmentation-PER,5,binary,mlp.model_noise,0.5,configs/base.yaml,,/cluster/home/jsanta07/fNIRS2RL/Experiment/ParticipantData,/cluster/home/jsanta07/OfflineNeuroloop,Robot__Active__Reward Augmentation-PER__finetune__binary__seed5__noise0.5__beta1.0__ft0.0
62,finetune,Robot_Active,configs/domains/robot_active.yaml,Active,Reward Augmentation-PER,5,binary,mlp.model_noise,1.0,configs/base.yaml,,/cluster/home/jsanta07/fNIRS2RL/Experiment/ParticipantData,/cluster/home/jsanta07/OfflineNeuroloop,Robot__Active__Reward Augmentation-PER__finetune__binary__seed5__noise1.0__beta1.0__ft0.0
63,finetune,Robot_Active,configs/domains/robot_active.yaml,Active,All-PER,5,binary,mlp.model_noise,0.0,configs/base.yaml,,/cluster/home/jsanta07/fNIRS2RL/Experiment/ParticipantData,/cluster/home/jsanta07/OfflineNeuroloop,Robot__Active__All-PER__finetune__binary__seed5__noise0.0__beta1.0__ft0.0
64,finetune,Robot_Active,configs/domains/robot_active.yaml,Active,All-PER,5,binary,mlp.model_noise,0.5,configs/base.yaml,,/cluster/home/jsanta07/fNIRS2RL/Experiment/ParticipantData,/cluster/home/jsanta07/OfflineNeuroloop,Robot__Active__All-PER__finetune__binary__seed5__noise0.5__beta1.0__ft0.0
65,finetune,Robot_Active,configs/domains/robot_active.yaml,Active,All-PER,5,binary,mlp.model_noise,1.0,configs/base.yaml,,/cluster/home/jsanta07/fNIRS2RL/Experiment/ParticipantData,/cluster/home/jsanta07/OfflineNeuroloop,Robot__Active__All-PER__finetune__binary__seed5__noise1.0__beta1.0__ft0.0
66,finetune,Robot_Active,configs/domains/robot_active.yaml,Active,Baseline-PER,6,binary,mlp.model_noise,0.0,configs/base.yaml,,/cluster/home/jsanta07/fNIRS2RL/Experiment/ParticipantData,/cluster/home/jsanta07/OfflineNeuroloop,Robot__Active__Baseline-PER__finetune__binary__seed6__noise0.0__beta1.0__ft0.0
67,finetune,Robot_Active,configs/domains/robot_active.yaml,Active,Prioritization-PER,6,binary,mlp.model_noise,0.0,configs/base.yaml,,/cluster/home/jsanta07/fNIRS2RL/Experiment/ParticipantData,/cluster/home/jsanta07/OfflineNeuroloop,Robot__Active__Prioritization-PER__finetune__binary__seed6__noise0.0__beta1.0__ft0.0
68,finetune,Robot_Active,configs/domains/robot_active.yaml,Active,Prioritization-PER,6,binary,mlp.model_noise,0.5,configs/base.yaml,,/cluster/home/jsanta07/fNIRS2RL/Experiment/ParticipantData,/cluster/home/jsanta07/OfflineNeuroloop,Robot__Active__Prioritization-PER__finetune__binary__seed6__noise0.5__beta1.0__ft0.0
69,finetune,Robot_Active,configs/domains/robot_active.yaml,Active,Prioritization-PER,6,binary,mlp.model_noise,1.0,configs/base.yaml,,/cluster/home/jsanta07/fNIRS2RL/Experiment/ParticipantData,/cluster/home/jsanta07/OfflineNeuroloop,Robot__Active__Prioritization-PER__finetune__binary__seed6__noise1.0__beta1.0__ft0.0
70,finetune,Robot_Active,configs/domains/robot_active.yaml,Active,Q-Augmentation-PER,6,binary,mlp.model_noise,0.0,configs/base.yaml,,/cluster/home/jsanta07/fNIRS2RL/Experiment/ParticipantData,/cluster/home/jsanta07/OfflineNeuroloop,Robot__Active__Q-Augmentation-PER__finetune__binary__seed6__noise0.0__beta1.0__ft0.0
71,finetune,Robot_Active,configs/domains/robot_active.yaml,Active,Q-Augmentation-PER,6,binary,mlp.model_noise,0.5,configs/base.yaml,,/cluster/home/jsanta07/fNIRS2RL/Experiment/ParticipantData,/cluster/home/jsanta07/OfflineNeuroloop,Robot__Active__Q-Augmentation-PER__finetune__binary__seed6__noise0.5__beta1.0__ft0.0
72,finetune,Robot_Active,configs/domains/robot_active.yaml,Active,Q-Augmentation-PER,6,binary,mlp.model_noise,1.0,configs/base.yaml,,/cluster/home/jsanta07/fNIRS2RL/Experiment/ParticipantData,/cluster/home/jsanta07/OfflineNeuroloop,Robot__Active__Q-Augmentation-PER__finetune__binary__seed6__noise1.0__beta1.0__ft0.0
73,finetune,Robot_Active,configs/domains/robot_active.yaml,Active,Reward Augmentation-PER,6,binary,mlp.model_noise,0.0,configs/base.yaml,,/cluster/home/jsanta07/fNIRS2RL/Experiment/ParticipantData,/cluster/home/jsanta07/OfflineNeuroloop,Robot__Active__Reward Augmentation-PER__finetune__binary__seed6__noise0.0__beta1.0__ft0.0
74,finetune,Robot_Active,configs/domains/robot_active.yaml,Active,Reward Augmentation-PER,6,binary,mlp.model_noise,0.5,configs/base.yaml,,/cluster/home/jsanta07/fNIRS2RL/Experiment/ParticipantData,/cluster/home/jsanta07/OfflineNeuroloop,Robot__Active__Reward Augmentation-PER__finetune__binary__seed6__noise0.5__beta1.0__ft0.0
75,finetune,Robot_Active,configs/domains/robot_active.yaml,Active,Reward Augmentation-PER,6,binary,mlp.model_noise,1.0,configs/base.yaml,,/cluster/home/jsanta07/fNIRS2RL/Experiment/ParticipantData,/cluster/home/jsanta07/OfflineNeuroloop,Robot__Active__Reward Augmentation-PER__finetune__binary__seed6__noise1.0__beta1.0__ft0.0
76,finetune,Robot_Active,configs/domains/robot_active.yaml,Active,All-PER,6,binary,mlp.model_noise,0.0,configs/base.yaml,,/cluster/home/jsanta07/fNIRS2RL/Experiment/ParticipantData,/cluster/home/jsanta07/OfflineNeuroloop,Robot__Active__All-PER__finetune__binary__seed6__noise0.0__beta1.0__ft0.0
77,finetune,Robot_Active,configs/domains/robot_active.yaml,Active,All-PER,6,binary,mlp.model_noise,0.5,configs/base.yaml,,/cluster/home/jsanta07/fNIRS2RL/Experiment/ParticipantData,/cluster/home/jsanta07/OfflineNeuroloop,Robot__Active__All-PER__finetune__binary__seed6__noise0.5__beta1.0__ft0.0
78,finetune,Robot_Active,configs/domains/robot_active.yaml,Active,All-PER,6,binary,mlp.model_noise,1.0,configs/base.yaml,,/cluster/home/jsanta07/fNIRS2RL/Experiment/ParticipantData,/cluster/home/jsanta07/OfflineNeuroloop,Robot__Active__All-PER__finetune__binary__seed6__noise1.0__beta1.0__ft0.0
79,finetune,Robot_Active,configs/domains/robot_active.yaml,Active,Baseline-PER,7,binary,mlp.model_noise,0.0,configs/base.yaml,,/cluster/home/jsanta07/fNIRS2RL/Experiment/ParticipantData,/cluster/home/jsanta07/OfflineNeuroloop,Robot__Active__Baseline-PER__finetune__binary__seed7__noise0.0__beta1.0__ft0.0
80,finetune,Robot_Active,configs/domains/robot_active.yaml,Active,Prioritization-PER,7,binary,mlp.model_noise,0.0,configs/base.yaml,,/cluster/home/jsanta07/fNIRS2RL/Experiment/ParticipantData,/cluster/home/jsanta07/OfflineNeuroloop,Robot__Active__Prioritization-PER__finetune__binary__seed7__noise0.0__beta1.0__ft0.0
81,finetune,Robot_Active,configs/domains/robot_active.yaml,Active,Prioritization-PER,7,binary,mlp.model_noise,0.5,configs/base.yaml,,/cluster/home/jsanta07/fNIRS2RL/Experiment/ParticipantData,/cluster/home/jsanta07/OfflineNeuroloop,Robot__Active__Prioritization-PER__finetune__binary__seed7__noise0.5__beta1.0__ft0.0
82,finetune,Robot_Active,configs/domains/robot_active.yaml,Active,Prioritization-PER,7,binary,mlp.model_noise,1.0,configs/base.yaml,,/cluster/home/jsanta07/fNIRS2RL/Experiment/ParticipantData,/cluster/home/jsanta07/OfflineNeuroloop,Robot__Active__Prioritization-PER__finetune__binary__seed7__noise1.0__beta1.0__ft0.0
83,finetune,Robot_Active,configs/domains/robot_active.yaml,Active,Q-Augmentation-PER,7,binary,mlp.model_noise,0.0,configs/base.yaml,,/cluster/home/jsanta07/fNIRS2RL/Experiment/ParticipantData,/cluster/home/jsanta07/OfflineNeuroloop,Robot__Active__Q-Augmentation-PER__finetune__binary__seed7__noise0.0__beta1.0__ft0.0
84,finetune,Robot_Active,configs/domains/robot_active.yaml,Active,Q-Augmentation-PER,7,binary,mlp.model_noise,0.5,configs/base.yaml,,/cluster/home/jsanta07/fNIRS2RL/Experiment/ParticipantData,/cluster/home/jsanta07/OfflineNeuroloop,Robot__Active__Q-Augmentation-PER__finetune__binary__seed7__noise0.5__beta1.0__ft0.0
85,finetune,Robot_Active,configs/domains/robot_active.yaml,Active,Q-Augmentation-PER,7,binary,mlp.model_noise,1.0,configs/base.yaml,,/cluster/home/jsanta07/fNIRS2RL/Experiment/ParticipantData,/cluster/home/jsanta07/OfflineNeuroloop,Robot__Active__Q-Augmentation-PER__finetune__binary__seed7__noise1.0__beta1.0__ft0.0
86,finetune,Robot_Active,configs/domains/robot_active.yaml,Active,Reward Augmentation-PER,7,binary,mlp.model_noise,0.0,configs/base.yaml,,/cluster/home/jsanta07/fNIRS2RL/Experiment/ParticipantData,/cluster/home/jsanta07/OfflineNeuroloop,Robot__Active__Reward Augmentation-PER__finetune__binary__seed7__noise0.0__beta1.0__ft0.0
87,finetune,Robot_Active,configs/domains/robot_active.yaml,Active,Reward Augmentation-PER,7,binary,mlp.model_noise,0.5,configs/base.yaml,,/cluster/home/jsanta07/fNIRS2RL/Experiment/ParticipantData,/cluster/home/jsanta07/OfflineNeuroloop,Robot__Active__Reward Augmentation-PER__finetune__binary__seed7__noise0.5__beta1.0__ft0.0
88,finetune,Robot_Active,configs/domains/robot_active.yaml,Active,Reward Augmentation-PER,7,binary,mlp.model_noise,1.0,configs/base.yaml,,/cluster/home/jsanta07/fNIRS2RL/Experiment/ParticipantData,/cluster/home/jsanta07/OfflineNeuroloop,Robot__Active__Reward Augmentation-PER__finetune__binary__seed7__noise1.0__beta1.0__ft0.0
89,finetune,Robot_Active,configs/domains/robot_active.yaml,Active,All-PER,7,binary,mlp.model_noise,0.0,configs/base.yaml,,/cluster/home/jsanta07/fNIRS2RL/Experiment/ParticipantData,/cluster/home/jsanta07/OfflineNeuroloop,Robot__Active__All-PER__finetune__binary__seed7__noise0.0__beta1.0__ft0.0
90,finetune,Robot_Active,configs/domains/robot_active.yaml,Active,All-PER,7,binary,mlp.model_noise,0.5,configs/base.yaml,,/cluster/home/jsanta07/fNIRS2RL/Experiment/ParticipantData,/cluster/home/jsanta07/OfflineNeuroloop,Robot__Active__All-PER__finetune__binary__seed7__noise0.5__beta1.0__ft0.0
91,finetune,Robot_Active,configs/domains/robot_active.yaml,Active,All-PER,7,binary,mlp.model_noise,1.0,configs/base.yaml,,/cluster/home/jsanta07/fNIRS2RL/Experiment/ParticipantData,/cluster/home/jsanta07/OfflineNeuroloop,Robot__Active__All-PER__finetune__binary__seed7__noise1.0__beta1.0__ft0.0
92,finetune,Robot_Active,configs/domains/robot_active.yaml,Active,Baseline-PER,8,binary,mlp.model_noise,0.0,configs/base.yaml,,/cluster/home/jsanta07/fNIRS2RL/Experiment/ParticipantData,/cluster/home/jsanta07/OfflineNeuroloop,Robot__Active__Baseline-PER__finetune__binary__seed8__noise0.0__beta1.0__ft0.0
93,finetune,Robot_Active,configs/domains/robot_active.yaml,Active,Prioritization-PER,8,binary,mlp.model_noise,0.0,configs/base.yaml,,/cluster/home/jsanta07/fNIRS2RL/Experiment/ParticipantData,/cluster/home/jsanta07/OfflineNeuroloop,Robot__Active__Prioritization-PER__finetune__binary__seed8__noise0.0__beta1.0__ft0.0
94,finetune,Robot_Active,configs/domains/robot_active.yaml,Active,Prioritization-PER,8,binary,mlp.model_noise,0.5,configs/base.yaml,,/cluster/home/jsanta07/fNIRS2RL/Experiment/ParticipantData,/cluster/home/jsanta07/OfflineNeuroloop,Robot__Active__Prioritization-PER__finetune__binary__seed8__noise0.5__beta1.0__ft0.0
95,finetune,Robot_Active,configs/domains/robot_active.yaml,Active,Prioritization-PER,8,binary,mlp.model_noise,1.0,configs/base.yaml,,/cluster/home/jsanta07/fNIRS2RL/Experiment/ParticipantData,/cluster/home/jsanta07/OfflineNeuroloop,Robot__Active__Prioritization-PER__finetune__binary__seed8__noise1.0__beta1.0__ft0.0
96,finetune,Robot_Active,configs/domains/robot_active.yaml,Active,Q-Augmentation-PER,8,binary,mlp.model_noise,0.0,configs/base.yaml,,/cluster/home/jsanta07/fNIRS2RL/Experiment/ParticipantData,/cluster/home/jsanta07/OfflineNeuroloop,Robot__Active__Q-Augmentation-PER__finetune__binary__seed8__noise0.0__beta1.0__ft0.0
97,finetune,Robot_Active,configs/domains/robot_active.yaml,Active,Q-Augmentation-PER,8,binary,mlp.model_noise,0.5,configs/base.yaml,,/cluster/home/jsanta07/fNIRS2RL/Experiment/ParticipantData,/cluster/home/jsanta07/OfflineNeuroloop,Robot__Active__Q-Augmentation-PER__finetune__binary__seed8__noise0.5__beta1.0__ft0.0
98,finetune,Robot_Active,configs/domains/robot_active.yaml,Active,Q-Augmentation-PER,8,binary,mlp.model_noise,1.0,configs/base.yaml,,/cluster/home/jsanta07/fNIRS2RL/Experiment/ParticipantData,/cluster/home/jsanta07/OfflineNeuroloop,Robot__Active__Q-Augmentation-PER__finetune__binary__seed8__noise1.0__beta1.0__ft0.0
99,finetune,Robot_Active,configs/domains/robot_active.yaml,Active,Reward Augmentation-PER,8,binary,mlp.model_noise,0.0,configs/base.yaml,,/cluster/home/jsanta07/fNIRS2RL/Experiment/ParticipantData,/cluster/home/jsanta07/OfflineNeuroloop,Robot__Active__Reward Augmentation-PER__finetune__binary__seed8__noise0.0__beta1.0__ft0.0
100,finetune,Robot_Active,configs/domains/robot_active.yaml,Active,Reward Augmentation-PER,8,binary,mlp.model_noise,0.5,configs/base.yaml,,/cluster/home/jsanta07/fNIRS2RL/Experiment/ParticipantData,/cluster/home/jsanta07/OfflineNeuroloop,Robot__Active__Reward Augmentation-PER__finetune__binary__seed8__noise0.5__beta1.0__ft0.0
101,finetune,Robot_Active,configs/domains/robot_active.yaml,Active,Reward Augmentation-PER,8,binary,mlp.model_noise,1.0,configs/base.yaml,,/cluster/home/jsanta07/fNIRS2RL/Experiment/ParticipantData,/cluster/home/jsanta07/OfflineNeuroloop,Robot__Active__Reward Augmentation-PER__finetune__binary__seed8__noise1.0__beta1.0__ft0.0
102,finetune,Robot_Active,configs/domains/robot_active.yaml,Active,All-PER,8,binary,mlp.model_noise,0.0,configs/base.yaml,,/cluster/home/jsanta07/fNIRS2RL/Experiment/ParticipantData,/cluster/home/jsanta07/OfflineNeuroloop,Robot__Active__All-PER__finetune__binary__seed8__noise0.0__beta1.0__ft0.0
103,finetune,Robot_Active,configs/domains/robot_active.yaml,Active,All-PER,8,binary,mlp.model_noise,0.5,configs/base.yaml,,/cluster/home/jsanta07/fNIRS2RL/Experiment/ParticipantData,/cluster/home/jsanta07/OfflineNeuroloop,Robot__Active__All-PER__finetune__binary__seed8__noise0.5__beta1.0__ft0.0
104,finetune,Robot_Active,configs/domains/robot_active.yaml,Active,All-PER,8,binary,mlp.model_noise,1.0,configs/base.yaml,,/cluster/home/jsanta07/fNIRS2RL/Experiment/ParticipantData,/cluster/home/jsanta07/OfflineNeuroloop,Robot__Active__All-PER__finetune__binary__seed8__noise1.0__beta1.0__ft0.0
105,finetune,Robot_Active,configs/domains/robot_active.yaml,Active,Baseline-PER,9,binary,mlp.model_noise,0.0,configs/base.yaml,,/cluster/home/jsanta07/fNIRS2RL/Experiment/ParticipantData,/cluster/home/jsanta07/OfflineNeuroloop,Robot__Active__Baseline-PER__finetune__binary__seed9__noise0.0__beta1.0__ft0.0
106,finetune,Robot_Active,configs/domains/robot_active.yaml,Active,Prioritization-PER,9,binary,mlp.model_noise,0.0,configs/base.yaml,,/cluster/home/jsanta07/fNIRS2RL/Experiment/ParticipantData,/cluster/home/jsanta07/OfflineNeuroloop,Robot__Active__Prioritization-PER__finetune__binary__seed9__noise0.0__beta1.0__ft0.0
107,finetune,Robot_Active,configs/domains/robot_active.yaml,Active,Prioritization-PER,9,binary,mlp.model_noise,0.5,configs/base.yaml,,/cluster/home/jsanta07/fNIRS2RL/Experiment/ParticipantData,/cluster/home/jsanta07/OfflineNeuroloop,Robot__Active__Prioritization-PER__finetune__binary__seed9__noise0.5__beta1.0__ft0.0
108,finetune,Robot_Active,configs/domains/robot_active.yaml,Active,Prioritization-PER,9,binary,mlp.model_noise,1.0,configs/base.yaml,,/cluster/home/jsanta07/fNIRS2RL/Experiment/ParticipantData,/cluster/home/jsanta07/OfflineNeuroloop,Robot__Active__Prioritization-PER__finetune__binary__seed9__noise1.0__beta1.0__ft0.0
109,finetune,Robot_Active,configs/domains/robot_active.yaml,Active,Q-Augmentation-PER,9,binary,mlp.model_noise,0.0,configs/base.yaml,,/cluster/home/jsanta07/fNIRS2RL/Experiment/ParticipantData,/cluster/home/jsanta07/OfflineNeuroloop,Robot__Active__Q-Augmentation-PER__finetune__binary__seed9__noise0.0__beta1.0__ft0.0
110,finetune,Robot_Active,configs/domains/robot_active.yaml,Active,Q-Augmentation-PER,9,binary,mlp.model_noise,0.5,configs/base.yaml,,/cluster/home/jsanta07/fNIRS2RL/Experiment/ParticipantData,/cluster/home/jsanta07/OfflineNeuroloop,Robot__Active__Q-Augmentation-PER__finetune__binary__seed9__noise0.5__beta1.0__ft0.0
111,finetune,Robot_Active,configs/domains/robot_active.yaml,Active,Q-Augmentation-PER,9,binary,mlp.model_noise,1.0,configs/base.yaml,,/cluster/home/jsanta07/fNIRS2RL/Experiment/ParticipantData,/cluster/home/jsanta07/OfflineNeuroloop,Robot__Active__Q-Augmentation-PER__finetune__binary__seed9__noise1.0__beta1.0__ft0.0
112,finetune,Robot_Active,configs/domains/robot_active.yaml,Active,Reward Augmentation-PER,9,binary,mlp.model_noise,0.0,configs/base.yaml,,/cluster/home/jsanta07/fNIRS2RL/Experiment/ParticipantData,/cluster/home/jsanta07/OfflineNeuroloop,Robot__Active__Reward Augmentation-PER__finetune__binary__seed9__noise0.0__beta1.0__ft0.0
113,finetune,Robot_Active,configs/domains/robot_active.yaml,Active,Reward Augmentation-PER,9,binary,mlp.model_noise,0.5,configs/base.yaml,,/cluster/home/jsanta07/fNIRS2RL/Experiment/ParticipantData,/cluster/home/jsanta07/OfflineNeuroloop,Robot__Active__Reward Augmentation-PER__finetune__binary__seed9__noise0.5__beta1.0__ft0.0
114,finetune,Robot_Active,configs/domains/robot_active.yaml,Active,Reward Augmentation-PER,9,binary,mlp.model_noise,1.0,configs/base.yaml,,/cluster/home/jsanta07/fNIRS2RL/Experiment/ParticipantData,/cluster/home/jsanta07/OfflineNeuroloop,Robot__Active__Reward Augmentation-PER__finetune__binary__seed9__noise1.0__beta1.0__ft0.0
115,finetune,Robot_Active,configs/domains/robot_active.yaml,Active,All-PER,9,binary,mlp.model_noise,0.0,configs/base.yaml,,/cluster/home/jsanta07/fNIRS2RL/Experiment/ParticipantData,/cluster/home/jsanta07/OfflineNeuroloop,Robot__Active__All-PER__finetune__binary__seed9__noise0.0__beta1.0__ft0.0
116,finetune,Robot_Active,configs/domains/robot_active.yaml,Active,All-PER,9,binary,mlp.model_noise,0.5,configs/base.yaml,,/cluster/home/jsanta07/fNIRS2RL/Experiment/ParticipantData,/cluster/home/jsanta07/OfflineNeuroloop,Robot__Active__All-PER__finetune__binary__seed9__noise0.5__beta1.0__ft0.0
117,finetune,Robot_Active,configs/domains/robot_active.yaml,Active,All-PER,9,binary,mlp.model_noise,1.0,configs/base.yaml,,/cluster/home/jsanta07/fNIRS2RL/Experiment/ParticipantData,/cluster/home/jsanta07/OfflineNeuroloop,Robot__Active__All-PER__finetune__binary__seed9__noise1.0__beta1.0__ft0.0
118,finetune,Robot_Active,configs/domains/robot_active.yaml,Active,Baseline-PER,10,binary,mlp.model_noise,0.0,configs/base.yaml,,/cluster/home/jsanta07/fNIRS2RL/Experiment/ParticipantData,/cluster/home/jsanta07/OfflineNeuroloop,Robot__Active__Baseline-PER__finetune__binary__seed10__noise0.0__beta1.0__ft0.0
119,finetune,Robot_Active,configs/domains/robot_active.yaml,Active,Prioritization-PER,10,binary,mlp.model_noise,0.0,configs/base.yaml,,/cluster/home/jsanta07/fNIRS2RL/Experiment/ParticipantData,/cluster/home/jsanta07/OfflineNeuroloop,Robot__Active__Prioritization-PER__finetune__binary__seed10__noise0.0__beta1.0__ft0.0
120,finetune,Robot_Active,configs/domains/robot_active.yaml,Active,Prioritization-PER,10,binary,mlp.model_noise,0.5,configs/base.yaml,,/cluster/home/jsanta07/fNIRS2RL/Experiment/ParticipantData,/cluster/home/jsanta07/OfflineNeuroloop,Robot__Active__Prioritization-PER__finetune__binary__seed10__noise0.5__beta1.0__ft0.0
121,finetune,Robot_Active,configs/domains/robot_active.yaml,Active,Prioritization-PER,10,binary,mlp.model_noise,1.0,configs/base.yaml,,/cluster/home/jsanta07/fNIRS2RL/Experiment/ParticipantData,/cluster/home/jsanta07/OfflineNeuroloop,Robot__Active__Prioritization-PER__finetune__binary__seed10__noise1.0__beta1.0__ft0.0
122,finetune,Robot_Active,configs/domains/robot_active.yaml,Active,Q-Augmentation-PER,10,binary,mlp.model_noise,0.0,configs/base.yaml,,/cluster/home/jsanta07/fNIRS2RL/Experiment/ParticipantData,/cluster/home/jsanta07/OfflineNeuroloop,Robot__Active__Q-Augmentation-PER__finetune__binary__seed10__noise0.0__beta1.0__ft0.0
123,finetune,Robot_Active,configs/domains/robot_active.yaml,Active,Q-Augmentation-PER,10,binary,mlp.model_noise,0.5,configs/base.yaml,,/cluster/home/jsanta07/fNIRS2RL/Experiment/ParticipantData,/cluster/home/jsanta07/OfflineNeuroloop,Robot__Active__Q-Augmentation-PER__finetune__binary__seed10__noise0.5__beta1.0__ft0.0
124,finetune,Robot_Active,configs/domains/robot_active.yaml,Active,Q-Augmentation-PER,10,binary,mlp.model_noise,1.0,configs/base.yaml,,/cluster/home/jsanta07/fNIRS2RL/Experiment/ParticipantData,/cluster/home/jsanta07/OfflineNeuroloop,Robot__Active__Q-Augmentation-PER__finetune__binary__seed10__noise1.0__beta1.0__ft0.0
125,finetune,Robot_Active,configs/domains/robot_active.yaml,Active,Reward Augmentation-PER,10,binary,mlp.model_noise,0.0,configs/base.yaml,,/cluster/home/jsanta07/fNIRS2RL/Experiment/ParticipantData,/cluster/home/jsanta07/OfflineNeuroloop,Robot__Active__Reward Augmentation-PER__finetune__binary__seed10__noise0.0__beta1.0__ft0.0
126,finetune,Robot_Active,configs/domains/robot_active.yaml,Active,Reward Augmentation-PER,10,binary,mlp.model_noise,0.5,configs/base.yaml,,/cluster/home/jsanta07/fNIRS2RL/Experiment/ParticipantData,/cluster/home/jsanta07/OfflineNeuroloop,Robot__Active__Reward Augmentation-PER__finetune__binary__seed10__noise0.5__beta1.0__ft0.0
127,finetune,Robot_Active,configs/domains/robot_active.yaml,Active,Reward Augmentation-PER,10,binary,mlp.model_noise,1.0,configs/base.yaml,,/cluster/home/jsanta07/fNIRS2RL/Experiment/ParticipantData,/cluster/home/jsanta07/OfflineNeuroloop,Robot__Active__Reward Augmentation-PER__finetune__binary__seed10__noise1.0__beta1.0__ft0.0
128,finetune,Robot_Active,configs/domains/robot_active.yaml,Active,All-PER,10,binary,mlp.model_noise,0.0,configs/base.yaml,,/cluster/home/jsanta07/fNIRS2RL/Experiment/ParticipantData,/cluster/home/jsanta07/OfflineNeuroloop,Robot__Active__All-PER__finetune__binary__seed10__noise0.0__beta1.0__ft0.0
129,finetune,Robot_Active,configs/domains/robot_active.yaml,Active,All-PER,10,binary,mlp.model_noise,0.5,configs/base.yaml,,/cluster/home/jsanta07/fNIRS2RL/Experiment/ParticipantData,/cluster/home/jsanta07/OfflineNeuroloop,Robot__Active__All-PER__finetune__binary__seed10__noise0.5__beta1.0__ft0.0
130,finetune,Robot_Active,configs/domains/robot_active.yaml,Active,All-PER,10,binary,mlp.model_noise,1.0,configs/base.yaml,,/cluster/home/jsanta07/fNIRS2RL/Experiment/ParticipantData,/cluster/home/jsanta07/OfflineNeuroloop,Robot__Active__All-PER__finetune__binary__seed10__noise1.0__beta1.0__ft0.0
131,finetune,Robot_Active,configs/domains/robot_active.yaml,Active,Baseline-PER,1,binary,neural.beta,0.5,configs/base.yaml,,/cluster/home/jsanta07/fNIRS2RL/Experiment/ParticipantData,/cluster/home/jsanta07/OfflineNeuroloop,Robot__Active__Baseline-PER__finetune__binary__seed1__noise0.0__beta0.5__ft0.0
132,finetune,Robot_Active,configs/domains/robot_active.yaml,Active,Baseline-PER,1,binary,neural.beta,1.0,configs/base.yaml,,/cluster/home/jsanta07/fNIRS2RL/Experiment/ParticipantData,/cluster/home/jsanta07/OfflineNeuroloop,Robot__Active__Baseline-PER__finetune__binary__seed1__noise0.0__beta1.0__ft0.0
133,finetune,Robot_Active,configs/domains/robot_active.yaml,Active,Baseline-PER,1,binary,neural.beta,5.0,configs/base.yaml,,/cluster/home/jsanta07/fNIRS2RL/Experiment/ParticipantData,/cluster/home/jsanta07/OfflineNeuroloop,Robot__Active__Baseline-PER__finetune__binary__seed1__noise0.0__beta5.0__ft0.0
134,finetune,Robot_Active,configs/domains/robot_active.yaml,Active,Prioritization-PER,1,binary,neural.beta,0.5,configs/base.yaml,,/cluster/home/jsanta07/fNIRS2RL/Experiment/ParticipantData,/cluster/home/jsanta07/OfflineNeuroloop,Robot__Active__Prioritization-PER__finetune__binary__seed1__noise0.0__beta0.5__ft0.0
135,finetune,Robot_Active,configs/domains/robot_active.yaml,Active,Prioritization-PER,1,binary,neural.beta,1.0,configs/base.yaml,,/cluster/home/jsanta07/fNIRS2RL/Experiment/ParticipantData,/cluster/home/jsanta07/OfflineNeuroloop,Robot__Active__Prioritization-PER__finetune__binary__seed1__noise0.0__beta1.0__ft0.0
136,finetune,Robot_Active,configs/domains/robot_active.yaml,Active,Prioritization-PER,1,binary,neural.beta,5.0,configs/base.yaml,,/cluster/home/jsanta07/fNIRS2RL/Experiment/ParticipantData,/cluster/home/jsanta07/OfflineNeuroloop,Robot__Active__Prioritization-PER__finetune__binary__seed1__noise0.0__beta5.0__ft0.0
137,finetune,Robot_Active,configs/domains/robot_active.yaml,Active,Q-Augmentation-PER,1,binary,neural.beta,0.5,configs/base.yaml,,/cluster/home/jsanta07/fNIRS2RL/Experiment/ParticipantData,/cluster/home/jsanta07/OfflineNeuroloop,Robot__Active__Q-Augmentation-PER__finetune__binary__seed1__noise0.0__beta0.5__ft0.0
138,finetune,Robot_Active,configs/domains/robot_active.yaml,Active,Q-Augmentation-PER,1,binary,neural.beta,1.0,configs/base.yaml,,/cluster/home/jsanta07/fNIRS2RL/Experiment/ParticipantData,/cluster/home/jsanta07/OfflineNeuroloop,Robot__Active__Q-Augmentation-PER__finetune__binary__seed1__noise0.0__beta1.0__ft0.0
139,finetune,Robot_Active,configs/domains/robot_active.yaml,Active,Q-Augmentation-PER,1,binary,neural.beta,5.0,configs/base.yaml,,/cluster/home/jsanta07/fNIRS2RL/Experiment/ParticipantData,/cluster/home/jsanta07/OfflineNeuroloop,Robot__Active__Q-Augmentation-PER__finetune__binary__seed1__noise0.0__beta5.0__ft0.0
140,finetune,Robot_Active,configs/domains/robot_active.yaml,Active,Reward Augmentation-PER,1,binary,neural.beta,0.5,configs/base.yaml,,/cluster/home/jsanta07/fNIRS2RL/Experiment/ParticipantData,/cluster/home/jsanta07/OfflineNeuroloop,Robot__Active__Reward Augmentation-PER__finetune__binary__seed1__noise0.0__beta0.5__ft0.0
141,finetune,Robot_Active,configs/domains/robot_active.yaml,Active,Reward Augmentation-PER,1,binary,neural.beta,1.0,configs/base.yaml,,/cluster/home/jsanta07/fNIRS2RL/Experiment/ParticipantData,/cluster/home/jsanta07/OfflineNeuroloop,Robot__Active__Reward Augmentation-PER__finetune__binary__seed1__noise0.0__beta1.0__ft0.0
142,finetune,Robot_Active,configs/domains/robot_active.yaml,Active,Reward Augmentation-PER,1,binary,neural.beta,5.0,configs/base.yaml,,/cluster/home/jsanta07/fNIRS2RL/Experiment/ParticipantData,/cluster/home/jsanta07/OfflineNeuroloop,Robot__Active__Reward Augmentation-PER__finetune__binary__seed1__noise0.0__beta5.0__ft0.0
143,finetune,Robot_Active,configs/domains/robot_active.yaml,Active,All-PER,1,binary,neural.beta,0.5,configs/base.yaml,,/cluster/home/jsanta07/fNIRS2RL/Experiment/ParticipantData,/cluster/home/jsanta07/OfflineNeuroloop,Robot__Active__All-PER__finetune__binary__seed1__noise0.0__beta0.5__ft0.0
144,finetune,Robot_Active,configs/domains/robot_active.yaml,Active,All-PER,1,binary,neural.beta,1.0,configs/base.yaml,,/cluster/home/jsanta07/fNIRS2RL/Experiment/ParticipantData,/cluster/home/jsanta07/OfflineNeuroloop,Robot__Active__All-PER__finetune__binary__seed1__noise0.0__beta1.0__ft0.0
145,finetune,Robot_Active,configs/domains/robot_active.yaml,Active,All-PER,1,binary,neural.beta,5.0,configs/base.yaml,,/cluster/home/jsanta07/fNIRS2RL/Experiment/ParticipantData,/cluster/home/jsanta07/OfflineNeuroloop,Robot__Active__All-PER__finetune__binary__seed1__noise0.0__beta5.0__ft0.0
146,finetune,Robot_Active,configs/domains/robot_active.yaml,Active,Baseline-PER,2,binary,neural.beta,0.5,configs/base.yaml,,/cluster/home/jsanta07/fNIRS2RL/Experiment/ParticipantData,/cluster/home/jsanta07/OfflineNeuroloop,Robot__Active__Baseline-PER__finetune__binary__seed2__noise0.0__beta0.5__ft0.0
147,finetune,Robot_Active,configs/domains/robot_active.yaml,Active,Baseline-PER,2,binary,neural.beta,1.0,configs/base.yaml,,/cluster/home/jsanta07/fNIRS2RL/Experiment/ParticipantData,/cluster/home/jsanta07/OfflineNeuroloop,Robot__Active__Baseline-PER__finetune__binary__seed2__noise0.0__beta1.0__ft0.0
148,finetune,Robot_Active,configs/domains/robot_active.yaml,Active,Baseline-PER,2,binary,neural.beta,5.0,configs/base.yaml,,/cluster/home/jsanta07/fNIRS2RL/Experiment/ParticipantData,/cluster/home/jsanta07/OfflineNeuroloop,Robot__Active__Baseline-PER__finetune__binary__seed2__noise0.0__beta5.0__ft0.0
149,finetune,Robot_Active,configs/domains/robot_active.yaml,Active,Prioritization-PER,2,binary,neural.beta,0.5,configs/base.yaml,,/cluster/home/jsanta07/fNIRS2RL/Experiment/ParticipantData,/cluster/home/jsanta07/OfflineNeuroloop,Robot__Active__Prioritization-PER__finetune__binary__seed2__noise0.0__beta0.5__ft0.0
150,finetune,Robot_Active,configs/domains/robot_active.yaml,Active,Prioritization-PER,2,binary,neural.beta,1.0,configs/base.yaml,,/cluster/home/jsanta07/fNIRS2RL/Experiment/ParticipantData,/cluster/home/jsanta07/OfflineNeuroloop,Robot__Active__Prioritization-PER__finetune__binary__seed2__noise0.0__beta1.0__ft0.0
151,finetune,Robot_Active,configs/domains/robot_active.yaml,Active,Prioritization-PER,2,binary,neural.beta,5.0,configs/base.yaml,,/cluster/home/jsanta07/fNIRS2RL/Experiment/ParticipantData,/cluster/home/jsanta07/OfflineNeuroloop,Robot__Active__Prioritization-PER__finetune__binary__seed2__noise0.0__beta5.0__ft0.0
152,finetune,Robot_Active,configs/domains/robot_active.yaml,Active,Q-Augmentation-PER,2,binary,neural.beta,0.5,configs/base.yaml,,/cluster/home/jsanta07/fNIRS2RL/Experiment/ParticipantData,/cluster/home/jsanta07/OfflineNeuroloop,Robot__Active__Q-Augmentation-PER__finetune__binary__seed2__noise0.0__beta0.5__ft0.0
153,finetune,Robot_Active,configs/domains/robot_active.yaml,Active,Q-Augmentation-PER,2,binary,neural.beta,1.0,configs/base.yaml,,/cluster/home/jsanta07/fNIRS2RL/Experiment/ParticipantData,/cluster/home/jsanta07/OfflineNeuroloop,Robot__Active__Q-Augmentation-PER__finetune__binary__seed2__noise0.0__beta1.0__ft0.0
154,finetune,Robot_Active,configs/domains/robot_active.yaml,Active,Q-Augmentation-PER,2,binary,neural.beta,5.0,configs/base.yaml,,/cluster/home/jsanta07/fNIRS2RL/Experiment/ParticipantData,/cluster/home/jsanta07/OfflineNeuroloop,Robot__Active__Q-Augmentation-PER__finetune__binary__seed2__noise0.0__beta5.0__ft0.0
155,finetune,Robot_Active,configs/domains/robot_active.yaml,Active,Reward Augmentation-PER,2,binary,neural.beta,0.5,configs/base.yaml,,/cluster/home/jsanta07/fNIRS2RL/Experiment/ParticipantData,/cluster/home/jsanta07/OfflineNeuroloop,Robot__Active__Reward Augmentation-PER__finetune__binary__seed2__noise0.0__beta0.5__ft0.0
156,finetune,Robot_Active,configs/domains/robot_active.yaml,Active,Reward Augmentation-PER,2,binary,neural.beta,1.0,configs/base.yaml,,/cluster/home/jsanta07/fNIRS2RL/Experiment/ParticipantData,/cluster/home/jsanta07/OfflineNeuroloop,Robot__Active__Reward Augmentation-PER__finetune__binary__seed2__noise0.0__beta1.0__ft0.0
157,finetune,Robot_Active,configs/domains/robot_active.yaml,Active,Reward Augmentation-PER,2,binary,neural.beta,5.0,configs/base.yaml,,/cluster/home/jsanta07/fNIRS2RL/Experiment/ParticipantData,/cluster/home/jsanta07/OfflineNeuroloop,Robot__Active__Reward Augmentation-PER__finetune__binary__seed2__noise0.0__beta5.0__ft0.0
158,finetune,Robot_Active,configs/domains/robot_active.yaml,Active,All-PER,2,binary,neural.beta,0.5,configs/base.yaml,,/cluster/home/jsanta07/fNIRS2RL/Experiment/ParticipantData,/cluster/home/jsanta07/OfflineNeuroloop,Robot__Active__All-PER__finetune__binary__seed2__noise0.0__beta0.5__ft0.0
159,finetune,Robot_Active,configs/domains/robot_active.yaml,Active,All-PER,2,binary,neural.beta,1.0,configs/base.yaml,,/cluster/home/jsanta07/fNIRS2RL/Experiment/ParticipantData,/cluster/home/jsanta07/OfflineNeuroloop,Robot__Active__All-PER__finetune__binary__seed2__noise0.0__beta1.0__ft0.0
160,finetune,Robot_Active,configs/domains/robot_active.yaml,Active,All-PER,2,binary,neural.beta,5.0,configs/base.yaml,,/cluster/home/jsanta07/fNIRS2RL/Experiment/ParticipantData,/cluster/home/jsanta07/OfflineNeuroloop,Robot__Active__All-PER__finetune__binary__seed2__noise0.0__beta5.0__ft0.0
161,finetune,Robot_Active,configs/domains/robot_active.yaml,Active,Baseline-PER,3,binary,neural.beta,0.5,configs/base.yaml,,/cluster/home/jsanta07/fNIRS2RL/Experiment/ParticipantData,/cluster/home/jsanta07/OfflineNeuroloop,Robot__Active__Baseline-PER__finetune__binary__seed3__noise0.0__beta0.5__ft0.0
162,finetune,Robot_Active,configs/domains/robot_active.yaml,Active,Baseline-PER,3,binary,neural.beta,1.0,configs/base.yaml,,/cluster/home/jsanta07/fNIRS2RL/Experiment/ParticipantData,/cluster/home/jsanta07/OfflineNeuroloop,Robot__Active__Baseline-PER__finetune__binary__seed3__noise0.0__beta1.0__ft0.0
163,finetune,Robot_Active,configs/domains/robot_active.yaml,Active,Baseline-PER,3,binary,neural.beta,5.0,configs/base.yaml,,/cluster/home/jsanta07/fNIRS2RL/Experiment/ParticipantData,/cluster/home/jsanta07/OfflineNeuroloop,Robot__Active__Baseline-PER__finetune__binary__seed3__noise0.0__beta5.0__ft0.0
164,finetune,Robot_Active,configs/domains/robot_active.yaml,Active,Prioritization-PER,3,binary,neural.beta,0.5,configs/base.yaml,,/cluster/home/jsanta07/fNIRS2RL/Experiment/ParticipantData,/cluster/home/jsanta07/OfflineNeuroloop,Robot__Active__Prioritization-PER__finetune__binary__seed3__noise0.0__beta0.5__ft0.0
165,finetune,Robot_Active,configs/domains/robot_active.yaml,Active,Prioritization-PER,3,binary,neural.beta,1.0,configs/base.yaml,,/cluster/home/jsanta07/fNIRS2RL/Experiment/ParticipantData,/cluster/home/jsanta07/OfflineNeuroloop,Robot__Active__Prioritization-PER__finetune__binary__seed3__noise0.0__beta1.0__ft0.0
166,finetune,Robot_Active,configs/domains/robot_active.yaml,Active,Prioritization-PER,3,binary,neural.beta,5.0,configs/base.yaml,,/cluster/home/jsanta07/fNIRS2RL/Experiment/ParticipantData,/cluster/home/jsanta07/OfflineNeuroloop,Robot__Active__Prioritization-PER__finetune__binary__seed3__noise0.0__beta5.0__ft0.0
167,finetune,Robot_Active,configs/domains/robot_active.yaml,Active,Q-Augmentation-PER,3,binary,neural.beta,0.5,configs/base.yaml,,/cluster/home/jsanta07/fNIRS2RL/Experiment/ParticipantData,/cluster/home/jsanta07/OfflineNeuroloop,Robot__Active__Q-Augmentation-PER__finetune__binary__seed3__noise0.0__beta0.5__ft0.0
168,finetune,Robot_Active,configs/domains/robot_active.yaml,Active,Q-Augmentation-PER,3,binary,neural.beta,1.0,configs/base.yaml,,/cluster/home/jsanta07/fNIRS2RL/Experiment/ParticipantData,/cluster/home/jsanta07/OfflineNeuroloop,Robot__Active__Q-Augmentation-PER__finetune__binary__seed3__noise0.0__beta1.0__ft0.0
169,finetune,Robot_Active,configs/domains/robot_active.yaml,Active,Q-Augmentation-PER,3,binary,neural.beta,5.0,configs/base.yaml,,/cluster/home/jsanta07/fNIRS2RL/Experiment/ParticipantData,/cluster/home/jsanta07/OfflineNeuroloop,Robot__Active__Q-Augmentation-PER__finetune__binary__seed3__noise0.0__beta5.0__ft0.0
170,finetune,Robot_Active,configs/domains/robot_active.yaml,Active,Reward Augmentation-PER,3,binary,neural.beta,0.5,configs/base.yaml,,/cluster/home/jsanta07/fNIRS2RL/Experiment/ParticipantData,/cluster/home/jsanta07/OfflineNeuroloop,Robot__Active__Reward Augmentation-PER__finetune__binary__seed3__noise0.0__beta0.5__ft0.0
171,finetune,Robot_Active,configs/domains/robot_active.yaml,Active,Reward Augmentation-PER,3,binary,neural.beta,1.0,configs/base.yaml,,/cluster/home/jsanta07/fNIRS2RL/Experiment/ParticipantData,/cluster/home/jsanta07/OfflineNeuroloop,Robot__Active__Reward Augmentation-PER__finetune__binary__seed3__noise0.0__beta1.0__ft0.0
172,finetune,Robot_Active,configs/domains/robot_active.yaml,Active,Reward Augmentation-PER,3,binary,neural.beta,5.0,configs/base.yaml,,/cluster/home/jsanta07/fNIRS2RL/Experiment/ParticipantData,/cluster/home/jsanta07/OfflineNeuroloop,Robot__Active__Reward Augmentation-PER__finetune__binary__seed3__noise0.0__beta5.0__ft0.0
173,finetune,Robot_Active,configs/domains/robot_active.yaml,Active,All-PER,3,binary,neural.beta,0.5,configs/base.yaml,,/cluster/home/jsanta07/fNIRS2RL/Experiment/ParticipantData,/cluster/home/jsanta07/OfflineNeuroloop,Robot__Active__All-PER__finetune__binary__seed3__noise0.0__beta0.5__ft0.0
174,finetune,Robot_Active,configs/domains/robot_active.yaml,Active,All-PER,3,binary,neural.beta,1.0,configs/base.yaml,,/cluster/home/jsanta07/fNIRS2RL/Experiment/ParticipantData,/cluster/home/jsanta07/OfflineNeuroloop,Robot__Active__All-PER__finetune__binary__seed3__noise0.0__beta1.0__ft0.0
175,finetune,Robot_Active,configs/domains/robot_active.yaml,Active,All-PER,3,binary,neural.beta,5.0,configs/base.yaml,,/cluster/home/jsanta07/fNIRS2RL/Experiment/ParticipantData,/cluster/home/jsanta07/OfflineNeuroloop,Robot__Active__All-PER__finetune__binary__seed3__noise0.0__beta5.0__ft0.0
176,finetune,Robot_Active,configs/domains/robot_active.yaml,Active,Baseline-PER,4,binary,neural.beta,0.5,configs/base.yaml,,/cluster/home/jsanta07/fNIRS2RL/Experiment/ParticipantData,/cluster/home/jsanta07/OfflineNeuroloop,Robot__Active__Baseline-PER__finetune__binary__seed4__noise0.0__beta0.5__ft0.0
177,finetune,Robot_Active,configs/domains/robot_active.yaml,Active,Baseline-PER,4,binary,neural.beta,1.0,configs/base.yaml,,/cluster/home/jsanta07/fNIRS2RL/Experiment/ParticipantData,/cluster/home/jsanta07/OfflineNeuroloop,Robot__Active__Baseline-PER__finetune__binary__seed4__noise0.0__beta1.0__ft0.0
178,finetune,Robot_Active,configs/domains/robot_active.yaml,Active,Baseline-PER,4,binary,neural.beta,5.0,configs/base.yaml,,/cluster/home/jsanta07/fNIRS2RL/Experiment/ParticipantData,/cluster/home/jsanta07/OfflineNeuroloop,Robot__Active__Baseline-PER__finetune__binary__seed4__noise0.0__beta5.0__ft0.0
179,finetune,Robot_Active,configs/domains/robot_active.yaml,Active,Prioritization-PER,4,binary,neural.beta,0.5,configs/base.yaml,,/cluster/home/jsanta07/fNIRS2RL/Experiment/ParticipantData,/cluster/home/jsanta07/OfflineNeuroloop,Robot__Active__Prioritization-PER__finetune__binary__seed4__noise0.0__beta0.5__ft0.0
180,finetune,Robot_Active,configs/domains/robot_active.yaml,Active,Prioritization-PER,4,binary,neural.beta,1.0,configs/base.yaml,,/cluster/home/jsanta07/fNIRS2RL/Experiment/ParticipantData,/cluster/home/jsanta07/OfflineNeuroloop,Robot__Active__Prioritization-PER__finetune__binary__seed4__noise0.0__beta1.0__ft0.0
181,finetune,Robot_Active,configs/domains/robot_active.yaml,Active,Prioritization-PER,4,binary,neural.beta,5.0,configs/base.yaml,,/cluster/home/jsanta07/fNIRS2RL/Experiment/ParticipantData,/cluster/home/jsanta07/OfflineNeuroloop,Robot__Active__Prioritization-PER__finetune__binary__seed4__noise0.0__beta5.0__ft0.0
182,finetune,Robot_Active,configs/domains/robot_active.yaml,Active,Q-Augmentation-PER,4,binary,neural.beta,0.5,configs/base.yaml,,/cluster/home/jsanta07/fNIRS2RL/Experiment/ParticipantData,/cluster/home/jsanta07/OfflineNeuroloop,Robot__Active__Q-Augmentation-PER__finetune__binary__seed4__noise0.0__beta0.5__ft0.0
183,finetune,Robot_Active,configs/domains/robot_active.yaml,Active,Q-Augmentation-PER,4,binary,neural.beta,1.0,configs/base.yaml,,/cluster/home/jsanta07/fNIRS2RL/Experiment/ParticipantData,/cluster/home/jsanta07/OfflineNeuroloop,Robot__Active__Q-Augmentation-PER__finetune__binary__seed4__noise0.0__beta1.0__ft0.0
184,finetune,Robot_Active,configs/domains/robot_active.yaml,Active,Q-Augmentation-PER,4,binary,neural.beta,5.0,configs/base.yaml,,/cluster/home/jsanta07/fNIRS2RL/Experiment/ParticipantData,/cluster/home/jsanta07/OfflineNeuroloop,Robot__Active__Q-Augmentation-PER__finetune__binary__seed4__noise0.0__beta5.0__ft0.0
185,finetune,Robot_Active,configs/domains/robot_active.yaml,Active,Reward Augmentation-PER,4,binary,neural.beta,0.5,configs/base.yaml,,/cluster/home/jsanta07/fNIRS2RL/Experiment/ParticipantData,/cluster/home/jsanta07/OfflineNeuroloop,Robot__Active__Reward Augmentation-PER__finetune__binary__seed4__noise0.0__beta0.5__ft0.0
186,finetune,Robot_Active,configs/domains/robot_active.yaml,Active,Reward Augmentation-PER,4,binary,neural.beta,1.0,configs/base.yaml,,/cluster/home/jsanta07/fNIRS2RL/Experiment/ParticipantData,/cluster/home/jsanta07/OfflineNeuroloop,Robot__Active__Reward Augmentation-PER__finetune__binary__seed4__noise0.0__beta1.0__ft0.0
187,finetune,Robot_Active,configs/domains/robot_active.yaml,Active,Reward Augmentation-PER,4,binary,neural.beta,5.0,configs/base.yaml,,/cluster/home/jsanta07/fNIRS2RL/Experiment/ParticipantData,/cluster/home/jsanta07/OfflineNeuroloop,Robot__Active__Reward Augmentation-PER__finetune__binary__seed4__noise0.0__beta5.0__ft0.0
188,finetune,Robot_Active,configs/domains/robot_active.yaml,Active,All-PER,4,binary,neural.beta,0.5,configs/base.yaml,,/cluster/home/jsanta07/fNIRS2RL/Experiment/ParticipantData,/cluster/home/jsanta07/OfflineNeuroloop,Robot__Active__All-PER__finetune__binary__seed4__noise0.0__beta0.5__ft0.0
189,finetune,Robot_Active,configs/domains/robot_active.yaml,Active,All-PER,4,binary,neural.beta,1.0,configs/base.yaml,,/cluster/home/jsanta07/fNIRS2RL/Experiment/ParticipantData,/cluster/home/jsanta07/OfflineNeuroloop,Robot__Active__All-PER__finetune__binary__seed4__noise0.0__beta1.0__ft0.0
190,finetune,Robot_Active,configs/domains/robot_active.yaml,Active,All-PER,4,binary,neural.beta,5.0,configs/base.yaml,,/cluster/home/jsanta07/fNIRS2RL/Experiment/ParticipantData,/cluster/home/jsanta07/OfflineNeuroloop,Robot__Active__All-PER__finetune__binary__seed4__noise0.0__beta5.0__ft0.0
191,finetune,Robot_Active,configs/domains/robot_active.yaml,Active,Baseline-PER,5,binary,neural.beta,0.5,configs/base.yaml,,/cluster/home/jsanta07/fNIRS2RL/Experiment/ParticipantData,/cluster/home/jsanta07/OfflineNeuroloop,Robot__Active__Baseline-PER__finetune__binary__seed5__noise0.0__beta0.5__ft0.0
192,finetune,Robot_Active,configs/domains/robot_active.yaml,Active,Baseline-PER,5,binary,neural.beta,1.0,configs/base.yaml,,/cluster/home/jsanta07/fNIRS2RL/Experiment/ParticipantData,/cluster/home/jsanta07/OfflineNeuroloop,Robot__Active__Baseline-PER__finetune__binary__seed5__noise0.0__beta1.0__ft0.0
193,finetune,Robot_Active,configs/domains/robot_active.yaml,Active,Baseline-PER,5,binary,neural.beta,5.0,configs/base.yaml,,/cluster/home/jsanta07/fNIRS2RL/Experiment/ParticipantData,/cluster/home/jsanta07/OfflineNeuroloop,Robot__Active__Baseline-PER__finetune__binary__seed5__noise0.0__beta5.0__ft0.0
194,finetune,Robot_Active,configs/domains/robot_active.yaml,Active,Prioritization-PER,5,binary,neural.beta,0.5,configs/base.yaml,,/cluster/home/jsanta07/fNIRS2RL/Experiment/ParticipantData,/cluster/home/jsanta07/OfflineNeuroloop,Robot__Active__Prioritization-PER__finetune__binary__seed5__noise0.0__beta0.5__ft0.0
195,finetune,Robot_Active,configs/domains/robot_active.yaml,Active,Prioritization-PER,5,binary,neural.beta,1.0,configs/base.yaml,,/cluster/home/jsanta07/fNIRS2RL/Experiment/ParticipantData,/cluster/home/jsanta07/OfflineNeuroloop,Robot__Active__Prioritization-PER__finetune__binary__seed5__noise0.0__beta1.0__ft0.0
196,finetune,Robot_Active,configs/domains/robot_active.yaml,Active,Prioritization-PER,5,binary,neural.beta,5.0,configs/base.yaml,,/cluster/home/jsanta07/fNIRS2RL/Experiment/ParticipantData,/cluster/home/jsanta07/OfflineNeuroloop,Robot__Active__Prioritization-PER__finetune__binary__seed5__noise0.0__beta5.0__ft0.0
197,finetune,Robot_Active,configs/domains/robot_active.yaml,Active,Q-Augmentation-PER,5,binary,neural.beta,0.5,configs/base.yaml,,/cluster/home/jsanta07/fNIRS2RL/Experiment/ParticipantData,/cluster/home/jsanta07/OfflineNeuroloop,Robot__Active__Q-Augmentation-PER__finetune__binary__seed5__noise0.0__beta0.5__ft0.0
198,finetune,Robot_Active,configs/domains/robot_active.yaml,Active,Q-Augmentation-PER,5,binary,neural.beta,1.0,configs/base.yaml,,/cluster/home/jsanta07/fNIRS2RL/Experiment/ParticipantData,/cluster/home/jsanta07/OfflineNeuroloop,Robot__Active__Q-Augmentation-PER__finetune__binary__seed5__noise0.0__beta1.0__ft0.0
199,finetune,Robot_Active,configs/domains/robot_active.yaml,Active,Q-Augmentation-PER,5,binary,neural.beta,5.0,configs/base.yaml,,/cluster/home/jsanta07/fNIRS2RL/Experiment/ParticipantData,/cluster/home/jsanta07/OfflineNeuroloop,Robot__Active__Q-Augmentation-PER__finetune__binary__seed5__noise0.0__beta5.0__ft0.0
200,finetune,Robot_Active,configs/domains/robot_active.yaml,Active,Reward Augmentation-PER,5,binary,neural.beta,0.5,configs/base.yaml,,/cluster/home/jsanta07/fNIRS2RL/Experiment/ParticipantData,/cluster/home/jsanta07/OfflineNeuroloop,Robot__Active__Reward Augmentation-PER__finetune__binary__seed5__noise0.0__beta0.5__ft0.0
201,finetune,Robot_Active,configs/domains/robot_active.yaml,Active,Reward Augmentation-PER,5,binary,neural.beta,1.0,configs/base.yaml,,/cluster/home/jsanta07/fNIRS2RL/Experiment/ParticipantData,/cluster/home/jsanta07/OfflineNeuroloop,Robot__Active__Reward Augmentation-PER__finetune__binary__seed5__noise0.0__beta1.0__ft0.0
202,finetune,Robot_Active,configs/domains/robot_active.yaml,Active,Reward Augmentation-PER,5,binary,neural.beta,5.0,configs/base.yaml,,/cluster/home/jsanta07/fNIRS2RL/Experiment/ParticipantData,/cluster/home/jsanta07/OfflineNeuroloop,Robot__Active__Reward Augmentation-PER__finetune__binary__seed5__noise0.0__beta5.0__ft0.0
203,finetune,Robot_Active,configs/domains/robot_active.yaml,Active,All-PER,5,binary,neural.beta,0.5,configs/base.yaml,,/cluster/home/jsanta07/fNIRS2RL/Experiment/ParticipantData,/cluster/home/jsanta07/OfflineNeuroloop,Robot__Active__All-PER__finetune__binary__seed5__noise0.0__beta0.5__ft0.0
204,finetune,Robot_Active,configs/domains/robot_active.yaml,Active,All-PER,5,binary,neural.beta,1.0,configs/base.yaml,,/cluster/home/jsanta07/fNIRS2RL/Experiment/ParticipantData,/cluster/home/jsanta07/OfflineNeuroloop,Robot__Active__All-PER__finetune__binary__seed5__noise0.0__beta1.0__ft0.0
205,finetune,Robot_Active,configs/domains/robot_active.yaml,Active,All-PER,5,binary,neural.beta,5.0,configs/base.yaml,,/cluster/home/jsanta07/fNIRS2RL/Experiment/ParticipantData,/cluster/home/jsanta07/OfflineNeuroloop,Robot__Active__All-PER__finetune__binary__seed5__noise0.0__beta5.0__ft0.0
206,finetune,Robot_Active,configs/domains/robot_active.yaml,Active,Baseline-PER,6,binary,neural.beta,0.5,configs/base.yaml,,/cluster/home/jsanta07/fNIRS2RL/Experiment/ParticipantData,/cluster/home/jsanta07/OfflineNeuroloop,Robot__Active__Baseline-PER__finetune__binary__seed6__noise0.0__beta0.5__ft0.0
207,finetune,Robot_Active,configs/domains/robot_active.yaml,Active,Baseline-PER,6,binary,neural.beta,1.0,configs/base.yaml,,/cluster/home/jsanta07/fNIRS2RL/Experiment/ParticipantData,/cluster/home/jsanta07/OfflineNeuroloop,Robot__Active__Baseline-PER__finetune__binary__seed6__noise0.0__beta1.0__ft0.0
208,finetune,Robot_Active,configs/domains/robot_active.yaml,Active,Baseline-PER,6,binary,neural.beta,5.0,configs/base.yaml,,/cluster/home/jsanta07/fNIRS2RL/Experiment/ParticipantData,/cluster/home/jsanta07/OfflineNeuroloop,Robot__Active__Baseline-PER__finetune__binary__seed6__noise0.0__beta5.0__ft0.0
209,finetune,Robot_Active,configs/domains/robot_active.yaml,Active,Prioritization-PER,6,binary,neural.beta,0.5,configs/base.yaml,,/cluster/home/jsanta07/fNIRS2RL/Experiment/ParticipantData,/cluster/home/jsanta07/OfflineNeuroloop,Robot__Active__Prioritization-PER__finetune__binary__seed6__noise0.0__beta0.5__ft0.0
210,finetune,Robot_Active,configs/domains/robot_active.yaml,Active,Prioritization-PER,6,binary,neural.beta,1.0,configs/base.yaml,,/cluster/home/jsanta07/fNIRS2RL/Experiment/ParticipantData,/cluster/home/jsanta07/OfflineNeuroloop,Robot__Active__Prioritization-PER__finetune__binary__seed6__noise0.0__beta1.0__ft0.0
211,finetune,Robot_Active,configs/domains/robot_active.yaml,Active,Prioritization-PER,6,binary,neural.beta,5.0,configs/base.yaml,,/cluster/home/jsanta07/fNIRS2RL/Experiment/ParticipantData,/cluster/home/jsanta07/OfflineNeuroloop,Robot__Active__Prioritization-PER__finetune__binary__seed6__noise0.0__beta5.0__ft0.0
212,finetune,Robot_Active,configs/domains/robot_active.yaml,Active,Q-Augmentation-PER,6,binary,neural.beta,0.5,configs/base.yaml,,/cluster/home/jsanta07/fNIRS2RL/Experiment/ParticipantData,/cluster/home/jsanta07/OfflineNeuroloop,Robot__Active__Q-Augmentation-PER__finetune__binary__seed6__noise0.0__beta0.5__ft0.0
213,finetune,Robot_Active,configs/domains/robot_active.yaml,Active,Q-Augmentation-PER,6,binary,neural.beta,1.0,configs/base.yaml,,/cluster/home/jsanta07/fNIRS2RL/Experiment/ParticipantData,/cluster/home/jsanta07/OfflineNeuroloop,Robot__Active__Q-Augmentation-PER__finetune__binary__seed6__noise0.0__beta1.0__ft0.0
214,finetune,Robot_Active,configs/domains/robot_active.yaml,Active,Q-Augmentation-PER,6,binary,neural.beta,5.0,configs/base.yaml,,/cluster/home/jsanta07/fNIRS2RL/Experiment/ParticipantData,/cluster/home/jsanta07/OfflineNeuroloop,Robot__Active__Q-Augmentation-PER__finetune__binary__seed6__noise0.0__beta5.0__ft0.0
215,finetune,Robot_Active,configs/domains/robot_active.yaml,Active,Reward Augmentation-PER,6,binary,neural.beta,0.5,configs/base.yaml,,/cluster/home/jsanta07/fNIRS2RL/Experiment/ParticipantData,/cluster/home/jsanta07/OfflineNeuroloop,Robot__Active__Reward Augmentation-PER__finetune__binary__seed6__noise0.0__beta0.5__ft0.0
216,finetune,Robot_Active,configs/domains/robot_active.yaml,Active,Reward Augmentation-PER,6,binary,neural.beta,1.0,configs/base.yaml,,/cluster/home/jsanta07/fNIRS2RL/Experiment/ParticipantData,/cluster/home/jsanta07/OfflineNeuroloop,Robot__Active__Reward Augmentation-PER__finetune__binary__seed6__noise0.0__beta1.0__ft0.0
217,finetune,Robot_Active,configs/domains/robot_active.yaml,Active,Reward Augmentation-PER,6,binary,neural.beta,5.0,configs/base.yaml,,/cluster/home/jsanta07/fNIRS2RL/Experiment/ParticipantData,/cluster/home/jsanta07/OfflineNeuroloop,Robot__Active__Reward Augmentation-PER__finetune__binary__seed6__noise0.0__beta5.0__ft0.0
218,finetune,Robot_Active,configs/domains/robot_active.yaml,Active,All-PER,6,binary,neural.beta,0.5,configs/base.yaml,,/cluster/home/jsanta07/fNIRS2RL/Experiment/ParticipantData,/cluster/home/jsanta07/OfflineNeuroloop,Robot__Active__All-PER__finetune__binary__seed6__noise0.0__beta0.5__ft0.0
219,finetune,Robot_Active,configs/domains/robot_active.yaml,Active,All-PER,6,binary,neural.beta,1.0,configs/base.yaml,,/cluster/home/jsanta07/fNIRS2RL/Experiment/ParticipantData,/cluster/home/jsanta07/OfflineNeuroloop,Robot__Active__All-PER__finetune__binary__seed6__noise0.0__beta1.0__ft0.0
220,finetune,Robot_Active,configs/domains/robot_active.yaml,Active,All-PER,6,binary,neural.beta,5.0,configs/base.yaml,,/cluster/home/jsanta07/fNIRS2RL/Experiment/ParticipantData,/cluster/home/jsanta07/OfflineNeuroloop,Robot__Active__All-PER__finetune__binary__seed6__noise0.0__beta5.0__ft0.0
221,finetune,Robot_Active,configs/domains/robot_active.yaml,Active,Baseline-PER,7,binary,neural.beta,0.5,configs/base.yaml,,/cluster/home/jsanta07/fNIRS2RL/Experiment/ParticipantData,/cluster/home/jsanta07/OfflineNeuroloop,Robot__Active__Baseline-PER__finetune__binary__seed7__noise0.0__beta0.5__ft0.0
222,finetune,Robot_Active,configs/domains/robot_active.yaml,Active,Baseline-PER,7,binary,neural.beta,1.0,configs/base.yaml,,/cluster/home/jsanta07/fNIRS2RL/Experiment/ParticipantData,/cluster/home/jsanta07/OfflineNeuroloop,Robot__Active__Baseline-PER__finetune__binary__seed7__noise0.0__beta1.0__ft0.0
223,finetune,Robot_Active,configs/domains/robot_active.yaml,Active,Baseline-PER,7,binary,neural.beta,5.0,configs/base.yaml,,/cluster/home/jsanta07/fNIRS2RL/Experiment/ParticipantData,/cluster/home/jsanta07/OfflineNeuroloop,Robot__Active__Baseline-PER__finetune__binary__seed7__noise0.0__beta5.0__ft0.0
224,finetune,Robot_Active,configs/domains/robot_active.yaml,Active,Prioritization-PER,7,binary,neural.beta,0.5,configs/base.yaml,,/cluster/home/jsanta07/fNIRS2RL/Experiment/ParticipantData,/cluster/home/jsanta07/OfflineNeuroloop,Robot__Active__Prioritization-PER__finetune__binary__seed7__noise0.0__beta0.5__ft0.0
225,finetune,Robot_Active,configs/domains/robot_active.yaml,Active,Prioritization-PER,7,binary,neural.beta,1.0,configs/base.yaml,,/cluster/home/jsanta07/fNIRS2RL/Experiment/ParticipantData,/cluster/home/jsanta07/OfflineNeuroloop,Robot__Active__Prioritization-PER__finetune__binary__seed7__noise0.0__beta1.0__ft0.0
226,finetune,Robot_Active,configs/domains/robot_active.yaml,Active,Prioritization-PER,7,binary,neural.beta,5.0,configs/base.yaml,,/cluster/home/jsanta07/fNIRS2RL/Experiment/ParticipantData,/cluster/home/jsanta07/OfflineNeuroloop,Robot__Active__Prioritization-PER__finetune__binary__seed7__noise0.0__beta5.0__ft0.0
227,finetune,Robot_Active,configs/domains/robot_active.yaml,Active,Q-Augmentation-PER,7,binary,neural.beta,0.5,configs/base.yaml,,/cluster/home/jsanta07/fNIRS2RL/Experiment/ParticipantData,/cluster/home/jsanta07/OfflineNeuroloop,Robot__Active__Q-Augmentation-PER__finetune__binary__seed7__noise0.0__beta0.5__ft0.0
228,finetune,Robot_Active,configs/domains/robot_active.yaml,Active,Q-Augmentation-PER,7,binary,neural.beta,1.0,configs/base.yaml,,/cluster/home/jsanta07/fNIRS2RL/Experiment/ParticipantData,/cluster/home/jsanta07/OfflineNeuroloop,Robot__Active__Q-Augmentation-PER__finetune__binary__seed7__noise0.0__beta1.0__ft0.0
229,finetune,Robot_Active,configs/domains/robot_active.yaml,Active,Q-Augmentation-PER,7,binary,neural.beta,5.0,configs/base.yaml,,/cluster/home/jsanta07/fNIRS2RL/Experiment/ParticipantData,/cluster/home/jsanta07/OfflineNeuroloop,Robot__Active__Q-Augmentation-PER__finetune__binary__seed7__noise0.0__beta5.0__ft0.0
230,finetune,Robot_Active,configs/domains/robot_active.yaml,Active,Reward Augmentation-PER,7,binary,neural.beta,0.5,configs/base.yaml,,/cluster/home/jsanta07/fNIRS2RL/Experiment/ParticipantData,/cluster/home/jsanta07/OfflineNeuroloop,Robot__Active__Reward Augmentation-PER__finetune__binary__seed7__noise0.0__beta0.5__ft0.0
231,finetune,Robot_Active,configs/domains/robot_active.yaml,Active,Reward Augmentation-PER,7,binary,neural.beta,1.0,configs/base.yaml,,/cluster/home/jsanta07/fNIRS2RL/Experiment/ParticipantData,/cluster/home/jsanta07/OfflineNeuroloop,Robot__Active__Reward Augmentation-PER__finetune__binary__seed7__noise0.0__beta1.0__ft0.0
232,finetune,Robot_Active,configs/domains/robot_active.yaml,Active,Reward Augmentation-PER,7,binary,neural.beta,5.0,configs/base.yaml,,/cluster/home/jsanta07/fNIRS2RL/Experiment/ParticipantData,/cluster/home/jsanta07/OfflineNeuroloop,Robot__Active__Reward Augmentation-PER__finetune__binary__seed7__noise0.0__beta5.0__ft0.0
233,finetune,Robot_Active,configs/domains/robot_active.yaml,Active,All-PER,7,binary,neural.beta,0.5,configs/base.yaml,,/cluster/home/jsanta07/fNIRS2RL/Experiment/ParticipantData,/cluster/home/jsanta07/OfflineNeuroloop,Robot__Active__All-PER__finetune__binary__seed7__noise0.0__beta0.5__ft0.0
234,finetune,Robot_Active,configs/domains/robot_active.yaml,Active,All-PER,7,binary,neural.beta,1.0,configs/base.yaml,,/cluster/home/jsanta07/fNIRS2RL/Experiment/ParticipantData,/cluster/home/jsanta07/OfflineNeuroloop,Robot__Active__All-PER__finetune__binary__seed7__noise0.0__beta1.0__ft0.0
235,finetune,Robot_Active,configs/domains/robot_active.yaml,Active,All-PER,7,binary,neural.beta,5.0,configs/base.yaml,,/cluster/home/jsanta07/fNIRS2RL/Experiment/ParticipantData,/cluster/home/jsanta07/OfflineNeuroloop,Robot__Active__All-PER__finetune__binary__seed7__noise0.0__beta5.0__ft0.0
236,finetune,Robot_Active,configs/domains/robot_active.yaml,Active,Baseline-PER,8,binary,neural.beta,0.5,configs/base.yaml,,/cluster/home/jsanta07/fNIRS2RL/Experiment/ParticipantData,/cluster/home/jsanta07/OfflineNeuroloop,Robot__Active__Baseline-PER__finetune__binary__seed8__noise0.0__beta0.5__ft0.0
237,finetune,Robot_Active,configs/domains/robot_active.yaml,Active,Baseline-PER,8,binary,neural.beta,1.0,configs/base.yaml,,/cluster/home/jsanta07/fNIRS2RL/Experiment/ParticipantData,/cluster/home/jsanta07/OfflineNeuroloop,Robot__Active__Baseline-PER__finetune__binary__seed8__noise0.0__beta1.0__ft0.0
238,finetune,Robot_Active,configs/domains/robot_active.yaml,Active,Baseline-PER,8,binary,neural.beta,5.0,configs/base.yaml,,/cluster/home/jsanta07/fNIRS2RL/Experiment/ParticipantData,/cluster/home/jsanta07/OfflineNeuroloop,Robot__Active__Baseline-PER__finetune__binary__seed8__noise0.0__beta5.0__ft0.0
239,finetune,Robot_Active,configs/domains/robot_active.yaml,Active,Prioritization-PER,8,binary,neural.beta,0.5,configs/base.yaml,,/cluster/home/jsanta07/fNIRS2RL/Experiment/ParticipantData,/cluster/home/jsanta07/OfflineNeuroloop,Robot__Active__Prioritization-PER__finetune__binary__seed8__noise0.0__beta0.5__ft0.0
240,finetune,Robot_Active,configs/domains/robot_active.yaml,Active,Prioritization-PER,8,binary,neural.beta,1.0,configs/base.yaml,,/cluster/home/jsanta07/fNIRS2RL/Experiment/ParticipantData,/cluster/home/jsanta07/OfflineNeuroloop,Robot__Active__Prioritization-PER__finetune__binary__seed8__noise0.0__beta1.0__ft0.0
241,finetune,Robot_Active,configs/domains/robot_active.yaml,Active,Prioritization-PER,8,binary,neural.beta,5.0,configs/base.yaml,,/cluster/home/jsanta07/fNIRS2RL/Experiment/ParticipantData,/cluster/home/jsanta07/OfflineNeuroloop,Robot__Active__Prioritization-PER__finetune__binary__seed8__noise0.0__beta5.0__ft0.0
242,finetune,Robot_Active,configs/domains/robot_active.yaml,Active,Q-Augmentation-PER,8,binary,neural.beta,0.5,configs/base.yaml,,/cluster/home/jsanta07/fNIRS2RL/Experiment/ParticipantData,/cluster/home/jsanta07/OfflineNeuroloop,Robot__Active__Q-Augmentation-PER__finetune__binary__seed8__noise0.0__beta0.5__ft0.0
243,finetune,Robot_Active,configs/domains/robot_active.yaml,Active,Q-Augmentation-PER,8,binary,neural.beta,1.0,configs/base.yaml,,/cluster/home/jsanta07/fNIRS2RL/Experiment/ParticipantData,/cluster/home/jsanta07/OfflineNeuroloop,Robot__Active__Q-Augmentation-PER__finetune__binary__seed8__noise0.0__beta1.0__ft0.0
244,finetune,Robot_Active,configs/domains/robot_active.yaml,Active,Q-Augmentation-PER,8,binary,neural.beta,5.0,configs/base.yaml,,/cluster/home/jsanta07/fNIRS2RL/Experiment/ParticipantData,/cluster/home/jsanta07/OfflineNeuroloop,Robot__Active__Q-Augmentation-PER__finetune__binary__seed8__noise0.0__beta5.0__ft0.0
245,finetune,Robot_Active,configs/domains/robot_active.yaml,Active,Reward Augmentation-PER,8,binary,neural.beta,0.5,configs/base.yaml,,/cluster/home/jsanta07/fNIRS2RL/Experiment/ParticipantData,/cluster/home/jsanta07/OfflineNeuroloop,Robot__Active__Reward Augmentation-PER__finetune__binary__seed8__noise0.0__beta0.5__ft0.0
246,finetune,Robot_Active,configs/domains/robot_active.yaml,Active,Reward Augmentation-PER,8,binary,neural.beta,1.0,configs/base.yaml,,/cluster/home/jsanta07/fNIRS2RL/Experiment/ParticipantData,/cluster/home/jsanta07/OfflineNeuroloop,Robot__Active__Reward Augmentation-PER__finetune__binary__seed8__noise0.0__beta1.0__ft0.0
247,finetune,Robot_Active,configs/domains/robot_active.yaml,Active,Reward Augmentation-PER,8,binary,neural.beta,5.0,configs/base.yaml,,/cluster/home/jsanta07/fNIRS2RL/Experiment/ParticipantData,/cluster/home/jsanta07/OfflineNeuroloop,Robot__Active__Reward Augmentation-PER__finetune__binary__seed8__noise0.0__beta5.0__ft0.0
248,finetune,Robot_Active,configs/domains/robot_active.yaml,Active,All-PER,8,binary,neural.beta,0.5,configs/base.yaml,,/cluster/home/jsanta07/fNIRS2RL/Experiment/ParticipantData,/cluster/home/jsanta07/OfflineNeuroloop,Robot__Active__All-PER__finetune__binary__seed8__noise0.0__beta0.5__ft0.0
249,finetune,Robot_Active,configs/domains/robot_active.yaml,Active,All-PER,8,binary,neural.beta,1.0,configs/base.yaml,,/cluster/home/jsanta07/fNIRS2RL/Experiment/ParticipantData,/cluster/home/jsanta07/OfflineNeuroloop,Robot__Active__All-PER__finetune__binary__seed8__noise0.0__beta1.0__ft0.0
250,finetune,Robot_Active,configs/domains/robot_active.yaml,Active,All-PER,8,binary,neural.beta,5.0,configs/base.yaml,,/cluster/home/jsanta07/fNIRS2RL/Experiment/ParticipantData,/cluster/home/jsanta07/OfflineNeuroloop,Robot__Active__All-PER__finetune__binary__seed8__noise0.0__beta5.0__ft0.0
251,finetune,Robot_Active,configs/domains/robot_active.yaml,Active,Baseline-PER,9,binary,neural.beta,0.5,configs/base.yaml,,/cluster/home/jsanta07/fNIRS2RL/Experiment/ParticipantData,/cluster/home/jsanta07/OfflineNeuroloop,Robot__Active__Baseline-PER__finetune__binary__seed9__noise0.0__beta0.5__ft0.0
252,finetune,Robot_Active,configs/domains/robot_active.yaml,Active,Baseline-PER,9,binary,neural.beta,1.0,configs/base.yaml,,/cluster/home/jsanta07/fNIRS2RL/Experiment/ParticipantData,/cluster/home/jsanta07/OfflineNeuroloop,Robot__Active__Baseline-PER__finetune__binary__seed9__noise0.0__beta1.0__ft0.0
253,finetune,Robot_Active,configs/domains/robot_active.yaml,Active,Baseline-PER,9,binary,neural.beta,5.0,configs/base.yaml,,/cluster/home/jsanta07/fNIRS2RL/Experiment/ParticipantData,/cluster/home/jsanta07/OfflineNeuroloop,Robot__Active__Baseline-PER__finetune__binary__seed9__noise0.0__beta5.0__ft0.0
254,finetune,Robot_Active,configs/domains/robot_active.yaml,Active,Prioritization-PER,9,binary,neural.beta,0.5,configs/base.yaml,,/cluster/home/jsanta07/fNIRS2RL/Experiment/ParticipantData,/cluster/home/jsanta07/OfflineNeuroloop,Robot__Active__Prioritization-PER__finetune__binary__seed9__noise0.0__beta0.5__ft0.0
255,finetune,Robot_Active,configs/domains/robot_active.yaml,Active,Prioritization-PER,9,binary,neural.beta,1.0,configs/base.yaml,,/cluster/home/jsanta07/fNIRS2RL/Experiment/ParticipantData,/cluster/home/jsanta07/OfflineNeuroloop,Robot__Active__Prioritization-PER__finetune__binary__seed9__noise0.0__beta1.0__ft0.0
256,finetune,Robot_Active,configs/domains/robot_active.yaml,Active,Prioritization-PER,9,binary,neural.beta,5.0,configs/base.yaml,,/cluster/home/jsanta07/fNIRS2RL/Experiment/ParticipantData,/cluster/home/jsanta07/OfflineNeuroloop,Robot__Active__Prioritization-PER__finetune__binary__seed9__noise0.0__beta5.0__ft0.0
257,finetune,Robot_Active,configs/domains/robot_active.yaml,Active,Q-Augmentation-PER,9,binary,neural.beta,0.5,configs/base.yaml,,/cluster/home/jsanta07/fNIRS2RL/Experiment/ParticipantData,/cluster/home/jsanta07/OfflineNeuroloop,Robot__Active__Q-Augmentation-PER__finetune__binary__seed9__noise0.0__beta0.5__ft0.0
258,finetune,Robot_Active,configs/domains/robot_active.yaml,Active,Q-Augmentation-PER,9,binary,neural.beta,1.0,configs/base.yaml,,/cluster/home/jsanta07/fNIRS2RL/Experiment/ParticipantData,/cluster/home/jsanta07/OfflineNeuroloop,Robot__Active__Q-Augmentation-PER__finetune__binary__seed9__noise0.0__beta1.0__ft0.0
259,finetune,Robot_Active,configs/domains/robot_active.yaml,Active,Q-Augmentation-PER,9,binary,neural.beta,5.0,configs/base.yaml,,/cluster/home/jsanta07/fNIRS2RL/Experiment/ParticipantData,/cluster/home/jsanta07/OfflineNeuroloop,Robot__Active__Q-Augmentation-PER__finetune__binary__seed9__noise0.0__beta5.0__ft0.0
260,finetune,Robot_Active,configs/domains/robot_active.yaml,Active,Reward Augmentation-PER,9,binary,neural.beta,0.5,configs/base.yaml,,/cluster/home/jsanta07/fNIRS2RL/Experiment/ParticipantData,/cluster/home/jsanta07/OfflineNeuroloop,Robot__Active__Reward Augmentation-PER__finetune__binary__seed9__noise0.0__beta0.5__ft0.0
261,finetune,Robot_Active,configs/domains/robot_active.yaml,Active,Reward Augmentation-PER,9,binary,neural.beta,1.0,configs/base.yaml,,/cluster/home/jsanta07/fNIRS2RL/Experiment/ParticipantData,/cluster/home/jsanta07/OfflineNeuroloop,Robot__Active__Reward Augmentation-PER__finetune__binary__seed9__noise0.0__beta1.0__ft0.0
262,finetune,Robot_Active,configs/domains/robot_active.yaml,Active,Reward Augmentation-PER,9,binary,neural.beta,5.0,configs/base.yaml,,/cluster/home/jsanta07/fNIRS2RL/Experiment/ParticipantData,/cluster/home/jsanta07/OfflineNeuroloop,Robot__Active__Reward Augmentation-PER__finetune__binary__seed9__noise0.0__beta5.0__ft0.0
263,finetune,Robot_Active,configs/domains/robot_active.yaml,Active,All-PER,9,binary,neural.beta,0.5,configs/base.yaml,,/cluster/home/jsanta07/fNIRS2RL/Experiment/ParticipantData,/cluster/home/jsanta07/OfflineNeuroloop,Robot__Active__All-PER__finetune__binary__seed9__noise0.0__beta0.5__ft0.0
264,finetune,Robot_Active,configs/domains/robot_active.yaml,Active,All-PER,9,binary,neural.beta,1.0,configs/base.yaml,,/cluster/home/jsanta07/fNIRS2RL/Experiment/ParticipantData,/cluster/home/jsanta07/OfflineNeuroloop,Robot__Active__All-PER__finetune__binary__seed9__noise0.0__beta1.0__ft0.0
265,finetune,Robot_Active,configs/domains/robot_active.yaml,Active,All-PER,9,binary,neural.beta,5.0,configs/base.yaml,,/cluster/home/jsanta07/fNIRS2RL/Experiment/ParticipantData,/cluster/home/jsanta07/OfflineNeuroloop,Robot__Active__All-PER__finetune__binary__seed9__noise0.0__beta5.0__ft0.0
266,finetune,Robot_Active,configs/domains/robot_active.yaml,Active,Baseline-PER,10,binary,neural.beta,0.5,configs/base.yaml,,/cluster/home/jsanta07/fNIRS2RL/Experiment/ParticipantData,/cluster/home/jsanta07/OfflineNeuroloop,Robot__Active__Baseline-PER__finetune__binary__seed10__noise0.0__beta0.5__ft0.0
267,finetune,Robot_Active,configs/domains/robot_active.yaml,Active,Baseline-PER,10,binary,neural.beta,1.0,configs/base.yaml,,/cluster/home/jsanta07/fNIRS2RL/Experiment/ParticipantData,/cluster/home/jsanta07/OfflineNeuroloop,Robot__Active__Baseline-PER__finetune__binary__seed10__noise0.0__beta1.0__ft0.0
268,finetune,Robot_Active,configs/domains/robot_active.yaml,Active,Baseline-PER,10,binary,neural.beta,5.0,configs/base.yaml,,/cluster/home/jsanta07/fNIRS2RL/Experiment/ParticipantData,/cluster/home/jsanta07/OfflineNeuroloop,Robot__Active__Baseline-PER__finetune__binary__seed10__noise0.0__beta5.0__ft0.0
269,finetune,Robot_Active,configs/domains/robot_active.yaml,Active,Prioritization-PER,10,binary,neural.beta,0.5,configs/base.yaml,,/cluster/home/jsanta07/fNIRS2RL/Experiment/ParticipantData,/cluster/home/jsanta07/OfflineNeuroloop,Robot__Active__Prioritization-PER__finetune__binary__seed10__noise0.0__beta0.5__ft0.0
270,finetune,Robot_Active,configs/domains/robot_active.yaml,Active,Prioritization-PER,10,binary,neural.beta,1.0,configs/base.yaml,,/cluster/home/jsanta07/fNIRS2RL/Experiment/ParticipantData,/cluster/home/jsanta07/OfflineNeuroloop,Robot__Active__Prioritization-PER__finetune__binary__seed10__noise0.0__beta1.0__ft0.0
271,finetune,Robot_Active,configs/domains/robot_active.yaml,Active,Prioritization-PER,10,binary,neural.beta,5.0,configs/base.yaml,,/cluster/home/jsanta07/fNIRS2RL/Experiment/ParticipantData,/cluster/home/jsanta07/OfflineNeuroloop,Robot__Active__Prioritization-PER__finetune__binary__seed10__noise0.0__beta5.0__ft0.0
272,finetune,Robot_Active,configs/domains/robot_active.yaml,Active,Q-Augmentation-PER,10,binary,neural.beta,0.5,configs/base.yaml,,/cluster/home/jsanta07/fNIRS2RL/Experiment/ParticipantData,/cluster/home/jsanta07/OfflineNeuroloop,Robot__Active__Q-Augmentation-PER__finetune__binary__seed10__noise0.0__beta0.5__ft0.0
273,finetune,Robot_Active,configs/domains/robot_active.yaml,Active,Q-Augmentation-PER,10,binary,neural.beta,1.0,configs/base.yaml,,/cluster/home/jsanta07/fNIRS2RL/Experiment/ParticipantData,/cluster/home/jsanta07/OfflineNeuroloop,Robot__Active__Q-Augmentation-PER__finetune__binary__seed10__noise0.0__beta1.0__ft0.0
274,finetune,Robot_Active,configs/domains/robot_active.yaml,Active,Q-Augmentation-PER,10,binary,neural.beta,5.0,configs/base.yaml,,/cluster/home/jsanta07/fNIRS2RL/Experiment/ParticipantData,/cluster/home/jsanta07/OfflineNeuroloop,Robot__Active__Q-Augmentation-PER__finetune__binary__seed10__noise0.0__beta5.0__ft0.0
275,finetune,Robot_Active,configs/domains/robot_active.yaml,Active,Reward Augmentation-PER,10,binary,neural.beta,0.5,configs/base.yaml,,/cluster/home/jsanta07/fNIRS2RL/Experiment/ParticipantData,/cluster/home/jsanta07/OfflineNeuroloop,Robot__Active__Reward Augmentation-PER__finetune__binary__seed10__noise0.0__beta0.5__ft0.0
276,finetune,Robot_Active,configs/domains/robot_active.yaml,Active,Reward Augmentation-PER,10,binary,neural.beta,1.0,configs/base.yaml,,/cluster/home/jsanta07/fNIRS2RL/Experiment/ParticipantData,/cluster/home/jsanta07/OfflineNeuroloop,Robot__Active__Reward Augmentation-PER__finetune__binary__seed10__noise0.0__beta1.0__ft0.0
277,finetune,Robot_Active,configs/domains/robot_active.yaml,Active,Reward Augmentation-PER,10,binary,neural.beta,5.0,configs/base.yaml,,/cluster/home/jsanta07/fNIRS2RL/Experiment/ParticipantData,/cluster/home/jsanta07/OfflineNeuroloop,Robot__Active__Reward Augmentation-PER__finetune__binary__seed10__noise0.0__beta5.0__ft0.0
278,finetune,Robot_Active,configs/domains/robot_active.yaml,Active,All-PER,10,binary,neural.beta,0.5,configs/base.yaml,,/cluster/home/jsanta07/fNIRS2RL/Experiment/ParticipantData,/cluster/home/jsanta07/OfflineNeuroloop,Robot__Active__All-PER__finetune__binary__seed10__noise0.0__beta0.5__ft0.0
279,finetune,Robot_Active,configs/domains/robot_active.yaml,Active,All-PER,10,binary,neural.beta,1.0,configs/base.yaml,,/cluster/home/jsanta07/fNIRS2RL/Experiment/ParticipantData,/cluster/home/jsanta07/OfflineNeuroloop,Robot__Active__All-PER__finetune__binary__seed10__noise0.0__beta1.0__ft0.0
280,finetune,Robot_Active,configs/domains/robot_active.yaml,Active,All-PER,10,binary,neural.beta,5.0,configs/base.yaml,,/cluster/home/jsanta07/fNIRS2RL/Experiment/ParticipantData,/cluster/home/jsanta07/OfflineNeuroloop,Robot__Active__All-PER__finetune__binary__seed10__noise0.0__beta5.0__ft0.0
281,finetune,Robot_Active,configs/domains/robot_active.yaml,Active,Baseline-PER,1,binary,experiment.finetune_threshold,0.0,configs/base.yaml,,/cluster/home/jsanta07/fNIRS2RL/Experiment/ParticipantData,/cluster/home/jsanta07/OfflineNeuroloop,Robot__Active__Baseline-PER__finetune__binary__seed1__noise0.0__beta1.0__ft0.0
282,finetune,Robot_Active,configs/domains/robot_active.yaml,Active,Prioritization-PER,1,binary,experiment.finetune_threshold,0.0,configs/base.yaml,,/cluster/home/jsanta07/fNIRS2RL/Experiment/ParticipantData,/cluster/home/jsanta07/OfflineNeuroloop,Robot__Active__Prioritization-PER__finetune__binary__seed1__noise0.0__beta1.0__ft0.0
283,finetune,Robot_Active,configs/domains/robot_active.yaml,Active,Q-Augmentation-PER,1,binary,experiment.finetune_threshold,0.0,configs/base.yaml,,/cluster/home/jsanta07/fNIRS2RL/Experiment/ParticipantData,/cluster/home/jsanta07/OfflineNeuroloop,Robot__Active__Q-Augmentation-PER__finetune__binary__seed1__noise0.0__beta1.0__ft0.0
284,finetune,Robot_Active,configs/domains/robot_active.yaml,Active,Reward Augmentation-PER,1,binary,experiment.finetune_threshold,0.0,configs/base.yaml,,/cluster/home/jsanta07/fNIRS2RL/Experiment/ParticipantData,/cluster/home/jsanta07/OfflineNeuroloop,Robot__Active__Reward Augmentation-PER__finetune__binary__seed1__noise0.0__beta1.0__ft0.0
285,finetune,Robot_Active,configs/domains/robot_active.yaml,Active,All-PER,1,binary,experiment.finetune_threshold,0.0,configs/base.yaml,,/cluster/home/jsanta07/fNIRS2RL/Experiment/ParticipantData,/cluster/home/jsanta07/OfflineNeuroloop,Robot__Active__All-PER__finetune__binary__seed1__noise0.0__beta1.0__ft0.0
286,finetune,Robot_Active,configs/domains/robot_active.yaml,Active,Baseline-PER,2,binary,experiment.finetune_threshold,0.0,configs/base.yaml,,/cluster/home/jsanta07/fNIRS2RL/Experiment/ParticipantData,/cluster/home/jsanta07/OfflineNeuroloop,Robot__Active__Baseline-PER__finetune__binary__seed2__noise0.0__beta1.0__ft0.0
287,finetune,Robot_Active,configs/domains/robot_active.yaml,Active,Prioritization-PER,2,binary,experiment.finetune_threshold,0.0,configs/base.yaml,,/cluster/home/jsanta07/fNIRS2RL/Experiment/ParticipantData,/cluster/home/jsanta07/OfflineNeuroloop,Robot__Active__Prioritization-PER__finetune__binary__seed2__noise0.0__beta1.0__ft0.0
288,finetune,Robot_Active,configs/domains/robot_active.yaml,Active,Q-Augmentation-PER,2,binary,experiment.finetune_threshold,0.0,configs/base.yaml,,/cluster/home/jsanta07/fNIRS2RL/Experiment/ParticipantData,/cluster/home/jsanta07/OfflineNeuroloop,Robot__Active__Q-Augmentation-PER__finetune__binary__seed2__noise0.0__beta1.0__ft0.0
289,finetune,Robot_Active,configs/domains/robot_active.yaml,Active,Reward Augmentation-PER,2,binary,experiment.finetune_threshold,0.0,configs/base.yaml,,/cluster/home/jsanta07/fNIRS2RL/Experiment/ParticipantData,/cluster/home/jsanta07/OfflineNeuroloop,Robot__Active__Reward Augmentation-PER__finetune__binary__seed2__noise0.0__beta1.0__ft0.0
290,finetune,Robot_Active,configs/domains/robot_active.yaml,Active,All-PER,2,binary,experiment.finetune_threshold,0.0,configs/base.yaml,,/cluster/home/jsanta07/fNIRS2RL/Experiment/ParticipantData,/cluster/home/jsanta07/OfflineNeuroloop,Robot__Active__All-PER__finetune__binary__seed2__noise0.0__beta1.0__ft0.0
291,finetune,Robot_Active,configs/domains/robot_active.yaml,Active,Baseline-PER,3,binary,experiment.finetune_threshold,0.0,configs/base.yaml,,/cluster/home/jsanta07/fNIRS2RL/Experiment/ParticipantData,/cluster/home/jsanta07/OfflineNeuroloop,Robot__Active__Baseline-PER__finetune__binary__seed3__noise0.0__beta1.0__ft0.0
292,finetune,Robot_Active,configs/domains/robot_active.yaml,Active,Prioritization-PER,3,binary,experiment.finetune_threshold,0.0,configs/base.yaml,,/cluster/home/jsanta07/fNIRS2RL/Experiment/ParticipantData,/cluster/home/jsanta07/OfflineNeuroloop,Robot__Active__Prioritization-PER__finetune__binary__seed3__noise0.0__beta1.0__ft0.0
293,finetune,Robot_Active,configs/domains/robot_active.yaml,Active,Q-Augmentation-PER,3,binary,experiment.finetune_threshold,0.0,configs/base.yaml,,/cluster/home/jsanta07/fNIRS2RL/Experiment/ParticipantData,/cluster/home/jsanta07/OfflineNeuroloop,Robot__Active__Q-Augmentation-PER__finetune__binary__seed3__noise0.0__beta1.0__ft0.0
294,finetune,Robot_Active,configs/domains/robot_active.yaml,Active,Reward Augmentation-PER,3,binary,experiment.finetune_threshold,0.0,configs/base.yaml,,/cluster/home/jsanta07/fNIRS2RL/Experiment/ParticipantData,/cluster/home/jsanta07/OfflineNeuroloop,Robot__Active__Reward Augmentation-PER__finetune__binary__seed3__noise0.0__beta1.0__ft0.0
295,finetune,Robot_Active,configs/domains/robot_active.yaml,Active,All-PER,3,binary,experiment.finetune_threshold,0.0,configs/base.yaml,,/cluster/home/jsanta07/fNIRS2RL/Experiment/ParticipantData,/cluster/home/jsanta07/OfflineNeuroloop,Robot__Active__All-PER__finetune__binary__seed3__noise0.0__beta1.0__ft0.0
296,finetune,Robot_Active,configs/domains/robot_active.yaml,Active,Baseline-PER,4,binary,experiment.finetune_threshold,0.0,configs/base.yaml,,/cluster/home/jsanta07/fNIRS2RL/Experiment/ParticipantData,/cluster/home/jsanta07/OfflineNeuroloop,Robot__Active__Baseline-PER__finetune__binary__seed4__noise0.0__beta1.0__ft0.0
297,finetune,Robot_Active,configs/domains/robot_active.yaml,Active,Prioritization-PER,4,binary,experiment.finetune_threshold,0.0,configs/base.yaml,,/cluster/home/jsanta07/fNIRS2RL/Experiment/ParticipantData,/cluster/home/jsanta07/OfflineNeuroloop,Robot__Active__Prioritization-PER__finetune__binary__seed4__noise0.0__beta1.0__ft0.0
298,finetune,Robot_Active,configs/domains/robot_active.yaml,Active,Q-Augmentation-PER,4,binary,experiment.finetune_threshold,0.0,configs/base.yaml,,/cluster/home/jsanta07/fNIRS2RL/Experiment/ParticipantData,/cluster/home/jsanta07/OfflineNeuroloop,Robot__Active__Q-Augmentation-PER__finetune__binary__seed4__noise0.0__beta1.0__ft0.0
299,finetune,Robot_Active,configs/domains/robot_active.yaml,Active,Reward Augmentation-PER,4,binary,experiment.finetune_threshold,0.0,configs/base.yaml,,/cluster/home/jsanta07/fNIRS2RL/Experiment/ParticipantData,/cluster/home/jsanta07/OfflineNeuroloop,Robot__Active__Reward Augmentation-PER__finetune__binary__seed4__noise0.0__beta1.0__ft0.0
300,finetune,Robot_Active,configs/domains/robot_active.yaml,Active,All-PER,4,binary,experiment.finetune_threshold,0.0,configs/base.yaml,,/cluster/home/jsanta07/fNIRS2RL/Experiment/ParticipantData,/cluster/home/jsanta07/OfflineNeuroloop,Robot__Active__All-PER__finetune__binary__seed4__noise0.0__beta1.0__ft0.0
301,finetune,Robot_Active,configs/domains/robot_active.yaml,Active,Baseline-PER,5,binary,experiment.finetune_threshold,0.0,configs/base.yaml,,/cluster/home/jsanta07/fNIRS2RL/Experiment/ParticipantData,/cluster/home/jsanta07/OfflineNeuroloop,Robot__Active__Baseline-PER__finetune__binary__seed5__noise0.0__beta1.0__ft0.0
302,finetune,Robot_Active,configs/domains/robot_active.yaml,Active,Prioritization-PER,5,binary,experiment.finetune_threshold,0.0,configs/base.yaml,,/cluster/home/jsanta07/fNIRS2RL/Experiment/ParticipantData,/cluster/home/jsanta07/OfflineNeuroloop,Robot__Active__Prioritization-PER__finetune__binary__seed5__noise0.0__beta1.0__ft0.0
303,finetune,Robot_Active,configs/domains/robot_active.yaml,Active,Q-Augmentation-PER,5,binary,experiment.finetune_threshold,0.0,configs/base.yaml,,/cluster/home/jsanta07/fNIRS2RL/Experiment/ParticipantData,/cluster/home/jsanta07/OfflineNeuroloop,Robot__Active__Q-Augmentation-PER__finetune__binary__seed5__noise0.0__beta1.0__ft0.0
304,finetune,Robot_Active,configs/domains/robot_active.yaml,Active,Reward Augmentation-PER,5,binary,experiment.finetune_threshold,0.0,configs/base.yaml,,/cluster/home/jsanta07/fNIRS2RL/Experiment/ParticipantData,/cluster/home/jsanta07/OfflineNeuroloop,Robot__Active__Reward Augmentation-PER__finetune__binary__seed5__noise0.0__beta1.0__ft0.0
305,finetune,Robot_Active,configs/domains/robot_active.yaml,Active,All-PER,5,binary,experiment.finetune_threshold,0.0,configs/base.yaml,,/cluster/home/jsanta07/fNIRS2RL/Experiment/ParticipantData,/cluster/home/jsanta07/OfflineNeuroloop,Robot__Active__All-PER__finetune__binary__seed5__noise0.0__beta1.0__ft0.0
306,finetune,Robot_Active,configs/domains/robot_active.yaml,Active,Baseline-PER,6,binary,experiment.finetune_threshold,0.0,configs/base.yaml,,/cluster/home/jsanta07/fNIRS2RL/Experiment/ParticipantData,/cluster/home/jsanta07/OfflineNeuroloop,Robot__Active__Baseline-PER__finetune__binary__seed6__noise0.0__beta1.0__ft0.0
307,finetune,Robot_Active,configs/domains/robot_active.yaml,Active,Prioritization-PER,6,binary,experiment.finetune_threshold,0.0,configs/base.yaml,,/cluster/home/jsanta07/fNIRS2RL/Experiment/ParticipantData,/cluster/home/jsanta07/OfflineNeuroloop,Robot__Active__Prioritization-PER__finetune__binary__seed6__noise0.0__beta1.0__ft0.0
308,finetune,Robot_Active,configs/domains/robot_active.yaml,Active,Q-Augmentation-PER,6,binary,experiment.finetune_threshold,0.0,configs/base.yaml,,/cluster/home/jsanta07/fNIRS2RL/Experiment/ParticipantData,/cluster/home/jsanta07/OfflineNeuroloop,Robot__Active__Q-Augmentation-PER__finetune__binary__seed6__noise0.0__beta1.0__ft0.0
309,finetune,Robot_Active,configs/domains/robot_active.yaml,Active,Reward Augmentation-PER,6,binary,experiment.finetune_threshold,0.0,configs/base.yaml,,/cluster/home/jsanta07/fNIRS2RL/Experiment/ParticipantData,/cluster/home/jsanta07/OfflineNeuroloop,Robot__Active__Reward Augmentation-PER__finetune__binary__seed6__noise0.0__beta1.0__ft0.0
310,finetune,Robot_Active,configs/domains/robot_active.yaml,Active,All-PER,6,binary,experiment.finetune_threshold,0.0,configs/base.yaml,,/cluster/home/jsanta07/fNIRS2RL/Experiment/ParticipantData,/cluster/home/jsanta07/OfflineNeuroloop,Robot__Active__All-PER__finetune__binary__seed6__noise0.0__beta1.0__ft0.0
311,finetune,Robot_Active,configs/domains/robot_active.yaml,Active,Baseline-PER,7,binary,experiment.finetune_threshold,0.0,configs/base.yaml,,/cluster/home/jsanta07/fNIRS2RL/Experiment/ParticipantData,/cluster/home/jsanta07/OfflineNeuroloop,Robot__Active__Baseline-PER__finetune__binary__seed7__noise0.0__beta1.0__ft0.0
312,finetune,Robot_Active,configs/domains/robot_active.yaml,Active,Prioritization-PER,7,binary,experiment.finetune_threshold,0.0,configs/base.yaml,,/cluster/home/jsanta07/fNIRS2RL/Experiment/ParticipantData,/cluster/home/jsanta07/OfflineNeuroloop,Robot__Active__Prioritization-PER__finetune__binary__seed7__noise0.0__beta1.0__ft0.0
313,finetune,Robot_Active,configs/domains/robot_active.yaml,Active,Q-Augmentation-PER,7,binary,experiment.finetune_threshold,0.0,configs/base.yaml,,/cluster/home/jsanta07/fNIRS2RL/Experiment/ParticipantData,/cluster/home/jsanta07/OfflineNeuroloop,Robot__Active__Q-Augmentation-PER__finetune__binary__seed7__noise0.0__beta1.0__ft0.0
314,finetune,Robot_Active,configs/domains/robot_active.yaml,Active,Reward Augmentation-PER,7,binary,experiment.finetune_threshold,0.0,configs/base.yaml,,/cluster/home/jsanta07/fNIRS2RL/Experiment/ParticipantData,/cluster/home/jsanta07/OfflineNeuroloop,Robot__Active__Reward Augmentation-PER__finetune__binary__seed7__noise0.0__beta1.0__ft0.0
315,finetune,Robot_Active,configs/domains/robot_active.yaml,Active,All-PER,7,binary,experiment.finetune_threshold,0.0,configs/base.yaml,,/cluster/home/jsanta07/fNIRS2RL/Experiment/ParticipantData,/cluster/home/jsanta07/OfflineNeuroloop,Robot__Active__All-PER__finetune__binary__seed7__noise0.0__beta1.0__ft0.0
316,finetune,Robot_Active,configs/domains/robot_active.yaml,Active,Baseline-PER,8,binary,experiment.finetune_threshold,0.0,configs/base.yaml,,/cluster/home/jsanta07/fNIRS2RL/Experiment/ParticipantData,/cluster/home/jsanta07/OfflineNeuroloop,Robot__Active__Baseline-PER__finetune__binary__seed8__noise0.0__beta1.0__ft0.0
317,finetune,Robot_Active,configs/domains/robot_active.yaml,Active,Prioritization-PER,8,binary,experiment.finetune_threshold,0.0,configs/base.yaml,,/cluster/home/jsanta07/fNIRS2RL/Experiment/ParticipantData,/cluster/home/jsanta07/OfflineNeuroloop,Robot__Active__Prioritization-PER__finetune__binary__seed8__noise0.0__beta1.0__ft0.0
318,finetune,Robot_Active,configs/domains/robot_active.yaml,Active,Q-Augmentation-PER,8,binary,experiment.finetune_threshold,0.0,configs/base.yaml,,/cluster/home/jsanta07/fNIRS2RL/Experiment/ParticipantData,/cluster/home/jsanta07/OfflineNeuroloop,Robot__Active__Q-Augmentation-PER__finetune__binary__seed8__noise0.0__beta1.0__ft0.0
319,finetune,Robot_Active,configs/domains/robot_active.yaml,Active,Reward Augmentation-PER,8,binary,experiment.finetune_threshold,0.0,configs/base.yaml,,/cluster/home/jsanta07/fNIRS2RL/Experiment/ParticipantData,/cluster/home/jsanta07/OfflineNeuroloop,Robot__Active__Reward Augmentation-PER__finetune__binary__seed8__noise0.0__beta1.0__ft0.0
320,finetune,Robot_Active,configs/domains/robot_active.yaml,Active,All-PER,8,binary,experiment.finetune_threshold,0.0,configs/base.yaml,,/cluster/home/jsanta07/fNIRS2RL/Experiment/ParticipantData,/cluster/home/jsanta07/OfflineNeuroloop,Robot__Active__All-PER__finetune__binary__seed8__noise0.0__beta1.0__ft0.0
321,finetune,Robot_Active,configs/domains/robot_active.yaml,Active,Baseline-PER,9,binary,experiment.finetune_threshold,0.0,configs/base.yaml,,/cluster/home/jsanta07/fNIRS2RL/Experiment/ParticipantData,/cluster/home/jsanta07/OfflineNeuroloop,Robot__Active__Baseline-PER__finetune__binary__seed9__noise0.0__beta1.0__ft0.0
322,finetune,Robot_Active,configs/domains/robot_active.yaml,Active,Prioritization-PER,9,binary,experiment.finetune_threshold,0.0,configs/base.yaml,,/cluster/home/jsanta07/fNIRS2RL/Experiment/ParticipantData,/cluster/home/jsanta07/OfflineNeuroloop,Robot__Active__Prioritization-PER__finetune__binary__seed9__noise0.0__beta1.0__ft0.0
323,finetune,Robot_Active,configs/domains/robot_active.yaml,Active,Q-Augmentation-PER,9,binary,experiment.finetune_threshold,0.0,configs/base.yaml,,/cluster/home/jsanta07/fNIRS2RL/Experiment/ParticipantData,/cluster/home/jsanta07/OfflineNeuroloop,Robot__Active__Q-Augmentation-PER__finetune__binary__seed9__noise0.0__beta1.0__ft0.0
324,finetune,Robot_Active,configs/domains/robot_active.yaml,Active,Reward Augmentation-PER,9,binary,experiment.finetune_threshold,0.0,configs/base.yaml,,/cluster/home/jsanta07/fNIRS2RL/Experiment/ParticipantData,/cluster/home/jsanta07/OfflineNeuroloop,Robot__Active__Reward Augmentation-PER__finetune__binary__seed9__noise0.0__beta1.0__ft0.0
325,finetune,Robot_Active,configs/domains/robot_active.yaml,Active,All-PER,9,binary,experiment.finetune_threshold,0.0,configs/base.yaml,,/cluster/home/jsanta07/fNIRS2RL/Experiment/ParticipantData,/cluster/home/jsanta07/OfflineNeuroloop,Robot__Active__All-PER__finetune__binary__seed9__noise0.0__beta1.0__ft0.0
326,finetune,Robot_Active,configs/domains/robot_active.yaml,Active,Baseline-PER,10,binary,experiment.finetune_threshold,0.0,configs/base.yaml,,/cluster/home/jsanta07/fNIRS2RL/Experiment/ParticipantData,/cluster/home/jsanta07/OfflineNeuroloop,Robot__Active__Baseline-PER__finetune__binary__seed10__noise0.0__beta1.0__ft0.0
327,finetune,Robot_Active,configs/domains/robot_active.yaml,Active,Prioritization-PER,10,binary,experiment.finetune_threshold,0.0,configs/base.yaml,,/cluster/home/jsanta07/fNIRS2RL/Experiment/ParticipantData,/cluster/home/jsanta07/OfflineNeuroloop,Robot__Active__Prioritization-PER__finetune__binary__seed10__noise0.0__beta1.0__ft0.0
328,finetune,Robot_Active,configs/domains/robot_active.yaml,Active,Q-Augmentation-PER,10,binary,experiment.finetune_threshold,0.0,configs/base.yaml,,/cluster/home/jsanta07/fNIRS2RL/Experiment/ParticipantData,/cluster/home/jsanta07/OfflineNeuroloop,Robot__Active__Q-Augmentation-PER__finetune__binary__seed10__noise0.0__beta1.0__ft0.0
329,finetune,Robot_Active,configs/domains/robot_active.yaml,Active,Reward Augmentation-PER,10,binary,experiment.finetune_threshold,0.0,configs/base.yaml,,/cluster/home/jsanta07/fNIRS2RL/Experiment/ParticipantData,/cluster/home/jsanta07/OfflineNeuroloop,Robot__Active__Reward Augmentation-PER__finetune__binary__seed10__noise0.0__beta1.0__ft0.0
330,finetune,Robot_Active,configs/domains/robot_active.yaml,Active,All-PER,10,binary,experiment.finetune_threshold,0.0,configs/base.yaml,,/cluster/home/jsanta07/fNIRS2RL/Experiment/ParticipantData,/cluster/home/jsanta07/OfflineNeuroloop,Robot__Active__All-PER__finetune__binary__seed10__noise0.0__beta1.0__ft0.0
